prim_db	prim_id	prim_alt	prim_cons	sec_db	sec_id	sec_alt	sec_cons	trim_left	trim_right	red_db	red_id	red_alt	E-value	gap	orient	count	total	adj_p-value	p-value

# SpaMo (Spaced Motif Analysis Tool): Version 5.5.5 compiled on Dec  6 2023 at 19:32:47
# The format of this file is described at https://meme-suite.org/meme/doc/spamo-output-format.html.
# spamo -verbosity 1 -oc spamo_out_5 -bgfile ./background -keepprimary -primary 3-ATTWGCATHW ./Nanog_peaks.fa streme_out/streme.xml meme_out/meme.xml streme_out/streme.xml
