<STREME version="5.5.5" release="Thu Sep 14 08:48:04 2023 +1000">
  <model>
    <command_line>streme --verbosity 1 --oc streme_out -dna --seed 0 --p ./seqs-centered --minw 6 --maxw 15 --time 5741 --order 2 --thresh 0.05 --align center --totallength 4000000</command_line>
    <train_positives count="8714" positions="871400" maxlen="100" file="./seqs-centered"/>
    <train_negatives count="8714" positions="871400" from="shuffled"/>
    <test_positives count="968" positions="96800"/>
    <test_negatives count="968" positions="96800"/>
    <alphabet name="DNA" like="dna">
      <letter id="A" symbol="A" complement="T" name="Adenine" colour="CC0000"/>
      <letter id="C" symbol="C" complement="G" name="Cytosine" colour="0000CC"/>
      <letter id="G" symbol="G" complement="C" name="Guanine" colour="FFB300"/>
      <letter id="T" symbol="T" aliases="U" complement="A" name="Thymine" colour="008000"/>
      <letter id="N" symbol="N" aliases="X." equals="ACGT" name="Any base"/>
      <letter id="V" symbol="V" equals="ACG" name="Not T"/>
      <letter id="H" symbol="H" equals="ACT" name="Not G"/>
      <letter id="D" symbol="D" equals="AGT" name="Not C"/>
      <letter id="B" symbol="B" equals="CGT" name="Not A"/>
      <letter id="M" symbol="M" equals="AC" name="Amino"/>
      <letter id="R" symbol="R" equals="AG" name="Purine"/>
      <letter id="W" symbol="W" equals="AT" name="Weak"/>
      <letter id="S" symbol="S" equals="CG" name="Strong"/>
      <letter id="Y" symbol="Y" equals="CT" name="Pyrimidine"/>
      <letter id="K" symbol="K" equals="GT" name="Keto"/>
    </alphabet>
    <strands>both</strands>
    <sequence_db A="0.274" C="0.226" G="0.226" T="0.274"/>
    <background_frequencies source="--negatives--" order="2">
      <alphabet_array>
        <value letter_id="A">0.274</value>
        <value letter_id="C">0.226</value>
        <value letter_id="G">0.226</value>
        <value letter_id="T">0.274</value>
      </alphabet_array>
    </background_frequencies>
    <stop thresh_type="pvalue" thresh="0.05" time="5741"/>
    <objfun>Differential Enrichment</objfun>
    <test>Fisher Exact Test</test>
    <minw>6</minw>
    <maxw>15</maxw>
    <kmer>3</kmer>
    <hofract>0.1</hofract>
    <neval>25</neval>
    <nref>4</nref>
    <niter>20</niter>
    <patience>3</patience>
    <seed>0</seed>
    <notrim>no</notrim>
    <useer>no</useer>
    <minscore>0</minscore>
    <ignore_depth>5</ignore_depth>
    <nsubsets>1</nsubsets>
    <min_pal_ratio>0.85</min_pal_ratio>
    <max_pal_ed>5</max_pal_ed>
    <cand>no</cand>
    <experimental>no</experimental>
    <totallength>4000000</totallength>
    <align>center</align>
    <host>noble-meme.grid.gs.washington.edu</host>
  </model>
  <motifs>
    <motif id="1-ADAACAAWRGMV" alt="STREME-1" width="12" initial_width="12" seed="AGAACAATAGAG" score_threshold="7.60214" npassing="4455" train_pos_count="4013" train_neg_count="1170" train_log_pvalue="-504.416" train_pvalue="3.8e-505" train_dtc="-1.0" train_bernoulli="-1" test_pos_count="442" test_neg_count="120" test_log_pvalue="-60.3657" test_pvalue="4.3e-061" test_log_evalue="-58.6414" test_evalue="2.3e-059" test_dtc="-1.0" test_bernoulli="-1" is_palindromic="no" elapsed_time="83.9" total_sites="4013" site_distr=" 29 46 40 31 37 27 46 37 43 40 32 35 53 36 33 42 44 46 51 61 59 48 45 34 53 43 47 44 43 35 58 53 47 56 56 67 58 56 55 47 54 45 48 54 37 40 50 48 36 48 49 52 54 39 52 42 52 47 48 51 59 61 43 43 50 58 53 44 44 47 41 43 46 53 43 40 28 55 50 51 37 30 30 28 38 29 23 33 34" max_sites="5" site_hist=" 0 3185 728 86 12 2">
      <pos A="0.637147" C="0.0233419" G="0.157404" T="0.182107"/>
      <pos A="0.290113" C="0.047582" G="0.356657" T="0.305648"/>
      <pos A="0.51843" C="0.103008" G="0.241601" T="0.136962"/>
      <pos A="0.999971" C="8.92073e-06" G="8.92073e-06" T="1.07805e-05"/>
      <pos A="1.07805e-05" C="0.927268" G="0.0318533" T="0.0408679"/>
      <pos A="0.999971" C="8.92073e-06" G="8.92073e-06" T="1.07805e-05"/>
      <pos A="0.999971" C="8.92073e-06" G="8.92073e-06" T="1.07805e-05"/>
      <pos A="0.450847" C="0.000941619" G="8.92073e-06" T="0.548203"/>
      <pos A="0.515811" C="0.00383256" G="0.474163" T="0.00619378"/>
      <pos A="0.172644" C="0.119684" G="0.667597" T="0.0400747"/>
      <pos A="0.508203" C="0.275485" G="0.144646" T="0.0716659"/>
      <pos A="0.266952" C="0.324986" G="0.262755" T="0.145306"/>
    </motif>
    <motif id="2-CWCAGCAGGT" alt="STREME-2" width="10" initial_width="9" seed="CACAGCAGGA" score_threshold="10.7202" npassing="1292" train_pos_count="1165" train_neg_count="186" train_log_pvalue="-185.946" train_pvalue="1.1e-186" train_dtc="-1.0" train_bernoulli="-1" test_pos_count="127" test_neg_count="20" test_log_pvalue="-21.1876" test_pvalue="6.5e-022" test_log_evalue="-19.4634" test_evalue="3.4e-020" test_dtc="-1.0" test_bernoulli="-1" is_palindromic="no" elapsed_time="102.4" total_sites="1165" site_distr=" 12 5 14 10 9 14 5 9 17 6 4 10 14 14 12 11 8 9 12 11 8 13 11 13 10 8 10 13 11 13 19 15 18 18 16 20 17 9 11 6 15 11 14 7 8 8 13 18 16 7 13 16 22 17 15 8 15 19 10 15 16 13 17 20 14 19 18 18 19 15 24 19 10 18 11 11 13 17 14 9 13 11 8 11 8 12 9 10 5 14 6" max_sites="3" site_hist=" 0 1069 93 3">
      <pos A="0.00759206" C="0.992326" G="3.69304e-05" T="4.46296e-05"/>
      <pos A="0.503831" C="0.137957" G="0.0266885" T="0.331524"/>
      <pos A="4.46296e-05" C="0.999874" G="3.69304e-05" T="4.46296e-05"/>
      <pos A="0.73288" C="0.260037" G="0.00703868" T="4.46296e-05"/>
      <pos A="4.46296e-05" C="0.28324" G="0.716671" T="4.46296e-05"/>
      <pos A="4.46296e-05" C="0.823183" G="3.69304e-05" T="0.176735"/>
      <pos A="0.857561" C="3.69304e-05" G="0.141032" T="0.00137019"/>
      <pos A="4.46296e-05" C="0.00455986" G="0.958639" T="0.0367569"/>
      <pos A="4.46296e-05" C="3.69304e-05" G="0.999874" T="4.46296e-05"/>
      <pos A="0.194451" C="0.054928" G="0.132945" T="0.617676"/>
    </motif>
    <motif id="3-ATTWGCATHW" alt="STREME-3" width="10" initial_width="5" seed="ATTAGCATAA" score_threshold="9.9912" npassing="1381" train_pos_count="1253" train_neg_count="243" train_log_pvalue="-177.443" train_pvalue="3.6e-178" train_dtc="-1.0" train_bernoulli="-1" test_pos_count="128" test_neg_count="39" test_log_pvalue="-12.8068" test_pvalue="1.6e-013" test_log_evalue="-11.0825" test_evalue="8.3e-012" test_dtc="-1.0" test_bernoulli="-1" is_palindromic="no" elapsed_time="123.6" total_sites="1253" site_distr=" 15 16 13 11 11 17 7 7 7 12 10 14 8 12 12 19 22 8 11 23 27 16 13 11 12 17 13 13 16 12 15 17 18 18 17 10 11 17 11 11 18 16 18 19 18 10 14 16 7 13 12 15 11 10 16 13 16 4 18 14 15 16 17 24 19 15 11 13 16 16 19 13 15 15 15 10 12 15 18 11 9 10 11 11 13 10 12 15 11 8 4" max_sites="4" site_hist=" 0 1113 131 8 1">
      <pos A="0.89387" C="0.015197" G="0.0512311" T="0.0397018"/>
      <pos A="0.0047254" C="0.00190593" G="0.00284375" T="0.990525"/>
      <pos A="0.00504899" C="0.0695929" G="0.00522621" T="0.920132"/>
      <pos A="0.491344" C="0.00302412" G="0.000117897" T="0.505514"/>
      <pos A="0.188621" C="0.0830537" G="0.722878" T="0.00544735"/>
      <pos A="0.0383884" C="0.938858" G="0.000968257" T="0.021785"/>
      <pos A="0.989955" C="3.06255e-05" G="0.00997689" T="3.70103e-05"/>
      <pos A="0.180698" C="0.000968257" G="3.06255e-05" T="0.818303"/>
      <pos A="0.368694" C="0.275399" G="0.0871963" T="0.26871"/>
      <pos A="0.345648" C="0.088682" G="0.087513" T="0.478157"/>
    </motif>
    <motif id="4-AGCMATCA" alt="STREME-4" width="8" initial_width="7" seed="AGCCATCA" score_threshold="7.28815" npassing="3065" train_pos_count="2761" train_neg_count="1498" train_log_pvalue="-110.483" train_pvalue="3.3e-111" train_dtc="-1.0" train_bernoulli="-1" test_pos_count="304" test_neg_count="170" test_log_pvalue="-12.0987" test_pvalue="8.0e-013" test_log_evalue="-10.3744" test_evalue="4.2e-011" test_dtc="-1.0" test_bernoulli="-1" is_palindromic="no" elapsed_time="139.9" total_sites="2761" site_distr=" 22 16 14 16 16 26 19 21 19 13 17 22 15 18 23 21 28 26 29 24 20 28 28 26 24 33 31 26 33 23 29 22 35 30 34 43 25 36 39 53 43 45 46 47 47 56 54 55 76 43 29 44 37 48 37 34 37 32 35 27 20 26 34 37 33 11 24 24 19 37 28 28 24 22 17 23 25 23 22 24 19 29 26 24 13 15 26 15 19 28 13 19 16" max_sites="6" site_hist=" 0 2239 452 59 10 0 1">
      <pos A="0.778041" C="0.070305" G="0.151594" T="5.94676e-05"/>
      <pos A="0.15051" C="0.117688" G="0.731742" T="5.94676e-05"/>
      <pos A="5.94676e-05" C="0.70149" G="4.92086e-05" T="0.298401"/>
      <pos A="0.362207" C="0.464559" G="0.129937" T="0.0432963"/>
      <pos A="0.960179" C="4.92086e-05" G="0.0397126" T="5.94676e-05"/>
      <pos A="5.94676e-05" C="4.92086e-05" G="4.92086e-05" T="0.999842"/>
      <pos A="5.94676e-05" C="0.841296" G="4.92086e-05" T="0.158596"/>
      <pos A="0.781857" C="0.0209822" G="0.0775898" T="0.119571"/>
    </motif>
    <motif id="5-GCAGTGTCTTGGAGA" alt="STREME-5" width="15" initial_width="15" seed="GCAGTGTCTTGGAGA" score_threshold="13.1732" npassing="293" train_pos_count="260" train_neg_count="0" train_log_pvalue="-79.1195" train_pvalue="7.6e-080" train_dtc="-1.0" train_bernoulli="-1" test_pos_count="33" test_neg_count="0" test_log_pvalue="-10.0545" test_pvalue="8.8e-011" test_log_evalue="-8.33019" test_evalue="4.7e-009" test_dtc="-1.0" test_bernoulli="-1" is_palindromic="no" elapsed_time="192.1" total_sites="260" site_distr=" 2 11 4 8 2 3 7 9 8 4 2 6 0 4 2 3 4 1 4 6 1 1 3 1 0 0 3 2 4 3 4 1 3 3 2 1 1 4 1 1 1 5 4 0 2 1 3 3 3 3 3 1 0 3 3 3 2 2 2 0 5 2 4 3 5 2 5 5 4 4 4 5 1 5 0 4 4 1 1 1 1 8 5 3 0 5" max_sites="1" site_hist=" 0 260">
      <pos A="0.0238343" C="0.00802162" G="0.967988" T="0.000155771"/>
      <pos A="0.000155771" C="0.98772" G="0.00802162" T="0.00410213"/>
      <pos A="0.979855" C="0.000128899" G="0.011968" T="0.0080485"/>
      <pos A="0.0159412" C="0.0159143" G="0.964042" T="0.00410213"/>
      <pos A="0.122534" C="0.0514365" G="0.000128899" T="0.825901"/>
      <pos A="0.240984" C="0.000128899" G="0.754785" T="0.00410213"/>
      <pos A="0.0119952" C="0.00802195" G="0.000128899" T="0.979854"/>
      <pos A="0.000155771" C="0.971934" G="0.000128899" T="0.027781"/>
      <pos A="0.00410213" C="0.00802195" G="0.000128899" T="0.987747"/>
      <pos A="0.0119952" C="0.0988292" G="0.0119683" T="0.877207"/>
      <pos A="0.130428" C="0.00407526" G="0.849556" T="0.0159412"/>
      <pos A="0.288351" C="0.011968" G="0.691632" T="0.0080485"/>
      <pos A="0.975908" C="0.00802162" G="0.0159143" T="0.000155771"/>
      <pos A="0.0356734" C="0.00407526" G="0.956149" T="0.00410213"/>
      <pos A="0.746931" C="0.0198607" G="0.221213" T="0.0119952"/>
    </motif>
    <motif id="6-GAGCCTTCCKACCT" alt="STREME-6" width="14" initial_width="9" seed="GAGCCTTCCGACCT" score_threshold="13.3512" npassing="390" train_pos_count="359" train_neg_count="6" train_log_pvalue="-98.9517" train_pvalue="1.1e-099" train_dtc="-1.0" train_bernoulli="-1" test_pos_count="31" test_neg_count="2" test_log_pvalue="-7.27728" test_pvalue="5.3e-008" test_log_evalue="-5.553" test_evalue="2.8e-006" test_dtc="-1.0" test_bernoulli="-1" is_palindromic="no" elapsed_time="157.3" total_sites="359" site_distr=" 5 2 0 3 6 0 0 0 1 2 6 4 1 5 5 4 1 2 9 2 3 4 3 0 4 4 7 2 3 0 3 5 7 4 6 2 2 10 4 14 7 3 4 7 11 9 8 5 8 7 1 5 12 7 5 2 9 15 9 3 2 5 2 8 6 1 6 3 0 8 2 0 4 4 3 4 0 2 2 4 3 1 2 1 3 0 1" max_sites="1" site_hist=" 0 359">
      <pos A="0.0370054" C="9.26925e-05" G="0.846419" T="0.116483"/>
      <pos A="0.999703" C="9.26925e-05" G="9.26925e-05" T="0.000112017"/>
      <pos A="0.028492" C="0.0142835" G="0.951437" T="0.00578777"/>
      <pos A="0.000112017" C="0.84641" G="0.00293057" T="0.150548"/>
      <pos A="0.00862565" C="0.982656" G="0.00293057" T="0.00578777"/>
      <pos A="0.000112017" C="0.00293057" G="9.26925e-05" T="0.996865"/>
      <pos A="0.000112017" C="0.00576845" G="9.26925e-05" T="0.994027"/>
      <pos A="0.000112017" C="0.979817" G="9.26925e-05" T="0.0199779"/>
      <pos A="0.0653886" C="0.667513" G="0.00576845" T="0.26133"/>
      <pos A="0.142054" C="0.0596921" G="0.47709" T="0.321164"/>
      <pos A="0.69568" C="0.201862" G="0.0995078" T="0.0029499"/>
      <pos A="0.0029499" C="0.945759" G="0.00293057" T="0.0483606"/>
      <pos A="0.00578777" C="0.721535" G="0.00293057" T="0.269746"/>
      <pos A="0.000112017" C="0.0171204" G="9.26925e-05" T="0.982675"/>
    </motif>
    <motif id="7-CATTYRAATG" alt="STREME-7" width="10" initial_width="9" seed="ATTTGAATGA" score_threshold="7.64799" npassing="652" train_pos_count="589" train_neg_count="253" train_log_pvalue="-32.7032" train_pvalue="2.0e-033" train_dtc="-1.0" train_bernoulli="-1" test_pos_count="63" test_neg_count="17" test_log_pvalue="-7.19134" test_pvalue="6.4e-008" test_log_evalue="-5.46706" test_evalue="3.4e-006" test_dtc="-1.0" test_bernoulli="-1" is_palindromic="yes" elapsed_time="347.2" total_sites="589" site_distr=" 6 2 3 7 6 4 9 7 10 3 4 8 5 7 6 3 4 10 4 4 6 2 11 7 6 3 7 11 8 1 7 6 2 9 4 12 5 3 8 3 6 11 12 5 2 8 10 7 7 9 4 7 8 2 8 4 7 9 11 7 10 6 13 4 10 3 9 2 4 6 7 7 12 9 4 7 7 6 6 4 5 2 7 8 5 6 5 8 7 12 9" max_sites="3" site_hist=" 0 568 19 2">
      <pos A="0.0164156" C="0.789932" G="0.0422024" T="0.15145"/>
      <pos A="0.860518" C="0.0717148" G="0.0202392" T="0.0475282"/>
      <pos A="0.0262519" C="0.0128553" G="0.000193219" T="0.960699"/>
      <pos A="0.0432044" C="0.00859258" G="0.00859433" T="0.939609"/>
      <pos A="0.0163226" C="0.428504" G="0.000193219" T="0.55498"/>
      <pos A="0.55498" C="0.000193219" G="0.428504" T="0.0163226"/>
      <pos A="0.939609" C="0.00859433" G="0.00859258" T="0.0432044"/>
      <pos A="0.960699" C="0.000193219" G="0.0128553" T="0.0262519"/>
      <pos A="0.0475282" C="0.0202392" G="0.0717148" T="0.860518"/>
      <pos A="0.15145" C="0.0422024" G="0.789932" T="0.0164156"/>
    </motif>
    <motif id="8-KCAAGGTCA" alt="STREME-8" width="9" initial_width="9" seed="TCAAGGTCA" score_threshold="11.4757" npassing="510" train_pos_count="451" train_neg_count="81" train_log_pvalue="-64.5731" train_pvalue="2.7e-065" train_dtc="-1.0" train_bernoulli="-1" test_pos_count="59" test_neg_count="15" test_log_pvalue="-7.11755" test_pvalue="7.6e-008" test_log_evalue="-5.39327" test_evalue="4.0e-006" test_dtc="-1.0" test_bernoulli="-1" is_palindromic="no" elapsed_time="223.7" total_sites="451" site_distr=" 0 4 9 8 10 12 8 6 7 9 11 4 2 7 8 1 5 7 2 3 6 10 5 7 3 6 7 3 5 3 9 5 2 2 3 2 3 8 4 1 6 4 3 1 2 1 2 2 0 3 4 6 3 3 4 6 2 7 5 2 6 5 2 5 6 2 8 6 5 5 10 3 5 1 3 1 6 4 2 9 9 6 5 4 5 3 3 7 5 8 7 10" max_sites="3" site_hist=" 0 414 35 2">
      <pos A="0.000158105" C="0.194137" G="0.310505" T="0.495199"/>
      <pos A="0.000158105" C="0.940455" G="0.0592292" T="0.000158105"/>
      <pos A="0.998809" C="0.000130829" G="0.000902323" T="0.000158105"/>
      <pos A="0.99958" C="0.000130829" G="0.000130829" T="0.000158105"/>
      <pos A="0.000158105" C="0.000130829" G="0.999553" T="0.000158105"/>
      <pos A="0.000158105" C="0.000130829" G="0.999553" T="0.000158105"/>
      <pos A="0.0617975" C="0.0602354" G="0.000130829" T="0.877836"/>
      <pos A="0.000158105" C="0.999553" G="0.000130829" T="0.000158105"/>
      <pos A="0.907195" C="0.000130829" G="0.0321777" T="0.0604966"/>
    </motif>
    <motif id="9-GCAGACTAGCCCTGA" alt="STREME-9" width="15" initial_width="15" seed="GCAGACTAGCCCTGA" score_threshold="12.4585" npassing="330" train_pos_count="301" train_neg_count="1" train_log_pvalue="-89.567" train_pvalue="2.7e-090" train_dtc="-1.0" train_bernoulli="-1" test_pos_count="29" test_neg_count="2" test_log_pvalue="-6.71596" test_pvalue="1.9e-007" test_log_evalue="-4.99169" test_evalue="1.0e-005" test_dtc="-1.0" test_bernoulli="-1" is_palindromic="no" elapsed_time="174.2" total_sites="301" site_distr=" 3 1 2 2 1 5 4 4 8 6 0 0 4 4 0 4 3 3 4 8 4 6 3 7 3 2 1 3 5 6 5 5 2 4 4 7 4 4 5 6 3 1 4 3 18 8 4 7 2 5 3 2 2 3 4 1 6 1 5 5 5 1 4 5 6 4 4 2 2 1 0 4 2 0 5 5 4 0 0 0 0 3 2 2 1 0" max_sites="1" site_hist=" 0 301">
      <pos A="0.0180216" C="0.00369277" G="0.967416" T="0.0108694"/>
      <pos A="0.0144453" C="0.89945" G="0.00726874" T="0.0788359"/>
      <pos A="0.985321" C="0.0001168" G="0.00369277" T="0.0108694"/>
      <pos A="0.00729309" C="0.00726903" G="0.981721" T="0.00371712"/>
      <pos A="0.992473" C="0.00726874" G="0.0001168" T="0.000141151"/>
      <pos A="0.00729309" C="0.967415" G="0.0001168" T="0.0251747"/>
      <pos A="0.00729309" C="0.325894" G="0.0001168" T="0.666696"/>
      <pos A="0.992473" C="0.00369277" G="0.0001168" T="0.00371712"/>
      <pos A="0.0323258" C="0.0108447" G="0.928077" T="0.0287527"/>
      <pos A="0.0144453" C="0.953112" G="0.0108447" T="0.0215978"/>
      <pos A="0.00371712" C="0.910185" G="0.0108447" T="0.0752534"/>
      <pos A="0.0215973" C="0.942382" G="0.00369277" T="0.0323275"/>
      <pos A="0.0323258" C="0.00369277" G="0.00369277" T="0.960289"/>
      <pos A="0.0144453" C="0.00369277" G="0.978145" T="0.00371712"/>
      <pos A="0.971017" C="0.00369277" G="0.0179969" T="0.00729309"/>
    </motif>
    <motif id="10-AGCAGYRGCAGKTG" alt="STREME-10" width="14" initial_width="14" seed="AGCAGTGGCAGGTG" score_threshold="13.7306" npassing="293" train_pos_count="269" train_neg_count="12" train_log_pvalue="-64.8025" train_pvalue="1.6e-065" train_dtc="-1.0" train_bernoulli="-1" test_pos_count="24" test_neg_count="1" test_log_pvalue="-6.16845" test_pvalue="6.8e-007" test_log_evalue="-4.44417" test_evalue="3.6e-005" test_dtc="-1.0" test_bernoulli="-1" is_palindromic="no" elapsed_time="315.1" total_sites="269" site_distr=" 1 0 3 7 2 1 2 0 0 2 4 4 9 1 2 3 3 4 8 3 5 3 6 7 6 4 2 2 2 2 5 2 2 3 2 3 4 0 3 3 0 0 2 4 5 3 2 3 5 2 2 2 5 2 4 0 4 3 4 3 6 2 0 2 1 4 3 0 3 2 2 2 5 5 5 5 4 8 8 6 5 1 3 3 0 2 2" max_sites="2" site_hist=" 0 268 1">
      <pos A="0.95271" C="0.000123369" G="0.0227863" T="0.0243799"/>
      <pos A="0.170153" C="0.000123369" G="0.829574" T="0.000149088"/>
      <pos A="0.019035" C="0.969361" G="0.000123369" T="0.0114806"/>
      <pos A="0.99205" C="0.000123369" G="0.00390042" T="0.00392614"/>
      <pos A="0.000149088" C="0.000123369" G="0.988247" T="0.0114806"/>
      <pos A="0.0643709" C="0.45513" G="0.0190093" T="0.46149"/>
      <pos A="0.33271" C="0.000123369" G="0.602803" T="0.0643637"/>
      <pos A="0.0643622" C="0.000123369" G="0.935365" T="0.000149088"/>
      <pos A="0.0114803" C="0.772914" G="0.000123369" T="0.215482"/>
      <pos A="0.961832" C="0.000123369" G="0.0114545" T="0.0265904"/>
      <pos A="0.0265888" C="0.0114545" G="0.961808" T="0.000149088"/>
      <pos A="0.0152579" C="0.0190096" G="0.572691" T="0.393041"/>
      <pos A="0.00770351" C="0.00390042" G="0.196568" T="0.791828"/>
      <pos A="0.000149088" C="0.000123369" G="0.999578" T="0.000149088"/>
    </motif>
    <motif id="11-CCMCACCC" alt="STREME-11" width="8" initial_width="8" seed="CCACACCC" score_threshold="11.9244" npassing="636" train_pos_count="576" train_neg_count="183" train_log_pvalue="-49.7273" train_pvalue="1.9e-050" train_dtc="-1.0" train_bernoulli="-1" test_pos_count="60" test_neg_count="20" test_log_pvalue="-5.55397" test_pvalue="2.8e-006" test_log_evalue="-3.82969" test_evalue="1.5e-004" test_dtc="-1.0" test_bernoulli="-1" is_palindromic="no" elapsed_time="252.4" total_sites="576" site_distr=" 7 10 12 5 8 6 5 12 7 5 8 10 5 3 8 7 5 6 6 6 8 6 7 10 4 6 4 5 3 8 4 5 6 7 4 5 7 6 3 5 10 6 6 3 3 6 2 2 8 2 3 2 5 6 2 2 3 5 5 5 10 4 6 6 3 5 4 7 7 1 3 8 11 7 3 8 8 6 4 5 14 6 12 13 3 6 3 11 8 5 7 9 5" max_sites="3" site_hist=" 0 531 41 4">
      <pos A="0.000196155" C="0.999445" G="0.000162316" T="0.000196155"/>
      <pos A="0.000196155" C="0.992414" G="0.00719416" T="0.000196155"/>
      <pos A="0.447066" C="0.509912" G="0.0428259" T="0.000196155"/>
      <pos A="0.000196155" C="0.999445" G="0.000162316" T="0.000196155"/>
      <pos A="0.650938" C="0.000162316" G="0.162747" T="0.186152"/>
      <pos A="0.000196155" C="0.999445" G="0.000162316" T="0.000196155"/>
      <pos A="0.000196155" C="0.999445" G="0.000162316" T="0.000196155"/>
      <pos A="0.000196155" C="0.999445" G="0.000162316" T="0.000196155"/>
    </motif>
    <motif id="12-ACTAATTARGC" alt="STREME-12" width="11" initial_width="11" seed="ACTAATTAGGC" score_threshold="14.7895" npassing="173" train_pos_count="155" train_neg_count="0" train_log_pvalue="-46.9597" train_pvalue="1.1e-047" train_dtc="-1.0" train_bernoulli="-1" test_pos_count="18" test_neg_count="0" test_log_pvalue="-5.45318" test_pvalue="3.5e-006" test_log_evalue="-3.7289" test_evalue="1.9e-004" test_dtc="-1.0" test_bernoulli="-1" is_palindromic="no" elapsed_time="281.9" total_sites="155" site_distr=" 3 5 4 0 1 3 1 8 6 4 6 2 2 3 2 1 1 3 2 1 0 5 3 0 2 2 3 4 2 2 1 2 1 0 1 1 3 4 0 0 0 0 0 3 2 1 1 3 2 2 1 1 1 0 2 2 0 1 1 1 0 0 2 1 0 0 2 2 2 3 4 3 3 3 0 0 1 0 1 0 0 0 1 3 0 2 1 2 0 1" max_sites="1" site_hist=" 0 155">
      <pos A="0.999344" C="0.000204435" G="0.000204435" T="0.000247056"/>
      <pos A="0.000247056" C="0.999301" G="0.000204435" T="0.000247056"/>
      <pos A="0.000247056" C="0.000204435" G="0.00646343" T="0.993085"/>
      <pos A="0.999344" C="0.000204435" G="0.000204435" T="0.000247056"/>
      <pos A="0.968047" C="0.018983" G="0.0127229" T="0.000247056"/>
      <pos A="0.000247056" C="0.0127229" G="0.000204435" T="0.986826"/>
      <pos A="0.000247056" C="0.000204435" G="0.000204435" T="0.999344"/>
      <pos A="0.999344" C="0.000204435" G="0.000204435" T="0.000247056"/>
      <pos A="0.357839" C="0.000204435" G="0.63545" T="0.00650605"/>
      <pos A="0.000247056" C="0.00646343" G="0.986783" T="0.00650605"/>
      <pos A="0.0127656" C="0.985737" G="0.000204435" T="0.00129259"/>
    </motif>
    <motif id="13-ACCTATTCASTA" alt="STREME-13" width="12" initial_width="9" seed="ACCTATTCACTA" score_threshold="15.0189" npassing="186" train_pos_count="170" train_neg_count="1" train_log_pvalue="-49.5979" train_pvalue="2.5e-050" train_dtc="-1.0" train_bernoulli="-1" test_pos_count="16" test_neg_count="0" test_log_pvalue="-4.84362" test_pvalue="1.4e-005" test_log_evalue="-3.11934" test_evalue="7.6e-004" test_dtc="-1.0" test_bernoulli="-1" is_palindromic="no" elapsed_time="267.2" total_sites="170" site_distr=" 0 2 2 2 10 6 4 1 0 0 1 2 2 2 0 0 0 4 6 1 2 0 3 1 5 3 0 3 3 0 0 2 2 1 2 5 1 0 1 2 1 0 2 5 1 1 2 0 1 2 1 2 0 3 3 1 5 3 2 3 3 1 2 2 0 1 3 0 2 1 1 0 1 5 3 1 1 1 6 2 4 4 0 1 1 1 2 2 0" max_sites="1" site_hist=" 0 170">
      <pos A="0.981134" C="0.00775911" G="0.0108949" T="0.000211559"/>
      <pos A="0.0162911" C="0.961881" G="0.000175062" T="0.0216531"/>
      <pos A="0.010931" C="0.977963" G="0.000175062" T="0.010931"/>
      <pos A="0.000211559" C="0.000175062" G="0.000175062" T="0.999438"/>
      <pos A="0.975773" C="0.000175062" G="0.0131204" T="0.0109314"/>
      <pos A="0.000211559" C="0.00553477" G="0.000175062" T="0.994079"/>
      <pos A="0.000211559" C="0.000175062" G="0.00553477" T="0.994079"/>
      <pos A="0.123561" C="0.670028" G="0.000175062" T="0.206236"/>
      <pos A="0.60796" C="0.112778" G="0.268331" T="0.0109314"/>
      <pos A="0.00557127" C="0.524798" G="0.43726" T="0.0323712"/>
      <pos A="0.000211559" C="0.000175062" G="0.000175062" T="0.999438"/>
      <pos A="0.908288" C="0.000175062" G="0.000175062" T="0.0913617"/>
    </motif>
    <motif id="14-CAGGTACTCYATTC" alt="STREME-14" width="14" initial_width="14" seed="CAGGTACTCCATTC" score_threshold="12.7854" npassing="165" train_pos_count="149" train_neg_count="0" train_log_pvalue="-45.1306" train_pvalue="7.4e-046" train_dtc="-1.0" train_bernoulli="-1" test_pos_count="16" test_neg_count="0" test_log_pvalue="-4.84362" test_pvalue="1.4e-005" test_log_evalue="-3.11934" test_evalue="7.6e-004" test_dtc="-1.0" test_bernoulli="-1" is_palindromic="no" elapsed_time="297.8" total_sites="149" site_distr=" 3 2 1 0 2 2 0 0 0 0 3 0 1 1 5 0 6 1 4 4 5 2 4 2 1 1 2 3 0 2 0 1 0 5 1 1 0 0 3 0 2 2 3 0 2 1 1 2 3 1 1 1 1 4 1 1 1 0 0 2 1 4 4 1 3 2 1 0 2 5 2 2 2 2 4 4 2 2 2 1 1 0 0 0 1 2 2" max_sites="1" site_hist=" 0 149">
      <pos A="0.0218255" C="0.869937" G="0.00741502" T="0.100822"/>
      <pos A="0.977706" C="0.000234533" G="0.0145955" T="0.00746392"/>
      <pos A="0.0361871" C="0.00741502" G="0.941754" T="0.0146444"/>
      <pos A="0.0218249" C="0.00741502" G="0.956116" T="0.0146444"/>
      <pos A="0.00746392" C="0.0361388" G="0.00741502" T="0.948982"/>
      <pos A="0.992067" C="0.00741502" G="0.000234533" T="0.000283429"/>
      <pos A="0.00746392" C="0.956116" G="0.0145955" T="0.0218249"/>
      <pos A="0.0146444" C="0.0145961" G="0.0145955" T="0.956164"/>
      <pos A="0.029006" C="0.769258" G="0.000234533" T="0.201501"/>
      <pos A="0.0361876" C="0.618437" G="0.000234533" T="0.345141"/>
      <pos A="0.970526" C="0.0289565" G="0.000234533" T="0.000283429"/>
      <pos A="0.00746392" C="0.00741502" G="0.000234533" T="0.984887"/>
      <pos A="0.000283429" C="0.000234533" G="0.000234533" T="0.999248"/>
      <pos A="0.000283429" C="0.970475" G="0.0217778" T="0.00746392"/>
    </motif>
    <motif id="15-AGAGCTAGAAWAGC" alt="STREME-15" width="14" initial_width="14" seed="AGAGCTAGAAAAGC" score_threshold="14.4962" npassing="195" train_pos_count="180" train_neg_count="1" train_log_pvalue="-52.6275" train_pvalue="2.4e-053" train_dtc="-1.0" train_bernoulli="-1" test_pos_count="15" test_neg_count="0" test_log_pvalue="-4.53918" test_pvalue="2.9e-005" test_log_evalue="-2.81491" test_evalue="1.5e-003" test_dtc="-1.0" test_bernoulli="-1" is_palindromic="no" elapsed_time="239.5" total_sites="180" site_distr=" 0 2 2 2 2 5 3 7 3 8 1 0 1 3 0 3 2 2 0 4 4 2 3 4 2 4 1 0 3 2 10 4 5 7 0 4 2 2 0 1 1 0 0 3 4 2 1 1 0 2 9 1 2 0 0 1 0 2 0 7 2 0 1 0 0 0 0 1 1 2 0 6 1 1 2 3 1 2 1 0 2 2 3 0 0 2 1" max_sites="1" site_hist=" 0 180">
      <pos A="0.677575" C="0.00572837" G="0.277646" T="0.0390511"/>
      <pos A="0.000218959" C="0.00572837" G="0.993834" T="0.000218959"/>
      <pos A="0.999419" C="0.000181186" G="0.000181186" T="0.000218959"/>
      <pos A="0.0778832" C="0.000181186" G="0.916169" T="0.00576614"/>
      <pos A="0.000218959" C="0.982739" G="0.000181186" T="0.016861"/>
      <pos A="0.000218959" C="0.166636" G="0.0112756" T="0.82187"/>
      <pos A="0.894006" C="0.000181186" G="0.100047" T="0.00576614"/>
      <pos A="0.0113133" C="0.0334657" G="0.949455" T="0.00576614"/>
      <pos A="0.943943" C="0.000181186" G="0.0556571" T="0.000218959"/>
      <pos A="0.988324" C="0.00572837" G="0.000181186" T="0.00576614"/>
      <pos A="0.433383" C="0.00572837" G="0.00572837" T="0.55516"/>
      <pos A="0.999419" C="0.000181186" G="0.000181186" T="0.000218959"/>
      <pos A="0.0335025" C="0.000181186" G="0.938361" T="0.0279558"/>
      <pos A="0.00576614" C="0.955003" G="0.000181186" T="0.0390492"/>
    </motif>
    <motif id="16-ATCTCCTTAGTGGC" alt="STREME-16" width="14" initial_width="14" seed="ATCTCCTTAGTGGC" score_threshold="15.9218" npassing="101" train_pos_count="87" train_neg_count="0" train_log_pvalue="-26.2833" train_pvalue="5.2e-027" train_dtc="-1.0" train_bernoulli="-1" test_pos_count="14" test_neg_count="0" test_log_pvalue="-4.23498" test_pvalue="5.8e-005" test_log_evalue="-2.5107" test_evalue="3.1e-003" test_dtc="-1.0" test_bernoulli="-1" is_palindromic="no" elapsed_time="391.5" total_sites="87" site_distr=" 0 1 0 0 0 0 1 4 1 2 0 0 0 0 7 4 0 1 2 6 4 0 0 0 1 0 2 2 0 0 2 0 0 0 0 1 2 1 0 1 2 0 1 0 0 0 0 0 0 0 0 1 0 1 0 1 0 1 0 0 0 2 2 0 3 1 0 0 1 0 0 0 0 1 2 1 3 2 0 1 2 2 4 2 1 2 3" max_sites="1" site_hist=" 0 87">
      <pos A="0.998851" C="0.000358025" G="0.000358025" T="0.000432666"/>
      <pos A="0.000432666" C="0.000358025" G="0.000358025" T="0.998851"/>
      <pos A="0.011394" C="0.987815" G="0.000358025" T="0.000432666"/>
      <pos A="0.0333166" C="0.000358025" G="0.000358025" T="0.965967"/>
      <pos A="0.000432666" C="0.856261" G="0.000358025" T="0.142949"/>
      <pos A="0.0223553" C="0.933007" G="0.000358025" T="0.0442797"/>
      <pos A="0.0223553" C="0.0770963" G="0.0222806" T="0.878268"/>
      <pos A="0.011394" C="0.0551655" G="0.0222806" T="0.91116"/>
      <pos A="0.976929" C="0.000358025" G="0.0222806" T="0.000432666"/>
      <pos A="0.000432666" C="0.000358025" G="0.976854" T="0.0223553"/>
      <pos A="0.011394" C="0.000358025" G="0.0113193" T="0.976929"/>
      <pos A="0.0552446" C="0.000358025" G="0.943965" T="0.000432666"/>
      <pos A="0.0662032" C="0.000358025" G="0.933006" T="0.000432666"/>
      <pos A="0.000432666" C="0.922047" G="0.0113193" T="0.0662014"/>
    </motif>
    <motif id="17-AGCACTTRG" alt="STREME-17" width="9" initial_width="8" seed="AGCACTTAG" score_threshold="11.5138" npassing="363" train_pos_count="320" train_neg_count="95" train_log_pvalue="-29.7954" train_pvalue="1.6e-030" train_dtc="-1.0" train_bernoulli="-1" test_pos_count="43" test_neg_count="14" test_log_pvalue="-4.21029" test_pvalue="6.2e-005" test_log_evalue="-2.48602" test_evalue="3.3e-003" test_dtc="-1.0" test_bernoulli="-1" is_palindromic="no" elapsed_time="464.4" total_sites="320" site_distr=" 3 7 2 1 4 1 2 3 3 2 5 2 2 3 0 3 3 3 4 2 3 2 3 2 3 4 7 2 3 3 3 4 3 1 9 3 3 2 6 4 4 7 7 6 4 4 1 2 7 8 2 3 3 9 3 3 2 1 4 4 5 7 4 5 2 4 6 4 2 1 2 7 3 3 2 1 6 3 0 2 4 2 0 5 3 4 4 6 1 4 2 3" max_sites="2" site_hist=" 0 307 13">
      <pos A="0.913642" C="0.0013235" G="0.0779324" T="0.00710226"/>
      <pos A="0.0388135" C="0.0195383" G="0.933669" T="0.00797902"/>
      <pos A="0.000231903" C="0.801841" G="0.000191896" T="0.197736"/>
      <pos A="0.987634" C="0.000191896" G="0.0119421" T="0.000231903"/>
      <pos A="0.000231903" C="0.992579" G="0.00695696" T="0.000231903"/>
      <pos A="0.000231903" C="0.00876553" G="0.000191896" T="0.990811"/>
      <pos A="0.000231903" C="0.285771" G="0.0322018" T="0.681796"/>
      <pos A="0.612216" C="0.000738729" G="0.386814" T="0.000231903"/>
      <pos A="0.229095" C="0.036213" G="0.723979" T="0.0107129"/>
    </motif>
    <motif id="18-GTTTGGGTRAGACT" alt="STREME-18" width="14" initial_width="12" seed="GTTTGGGTGAGACT" score_threshold="13.654" npassing="270" train_pos_count="253" train_neg_count="2" train_log_pvalue="-73.0424" train_pvalue="9.1e-074" train_dtc="-1.0" train_bernoulli="-1" test_pos_count="17" test_neg_count="1" test_log_pvalue="-4.16713" test_pvalue="6.8e-005" test_log_evalue="-2.44285" test_evalue="3.6e-003" test_dtc="-1.0" test_bernoulli="-1" is_palindromic="no" elapsed_time="209.2" total_sites="253" site_distr=" 0 2 0 3 5 4 0 0 1 0 1 0 0 1 0 2 5 2 1 1 4 2 2 3 5 0 6 4 1 2 0 1 1 3 3 12 3 1 0 1 3 0 3 2 1 5 4 3 7 8 3 1 2 5 3 1 4 3 3 6 4 3 7 8 6 6 0 5 2 2 3 0 1 5 6 1 3 2 3 2 1 3 1 5 9 11 5" max_sites="1" site_hist=" 0 253">
      <pos A="0.0198846" C="0.000128877" G="0.960101" T="0.0198856"/>
      <pos A="0.000155746" C="0.000128877" G="0.0119663" T="0.987749"/>
      <pos A="0.0396164" C="0.264864" G="0.011966" T="0.683554"/>
      <pos A="0.00410146" C="0.00407459" G="0.00407459" T="0.987749"/>
      <pos A="0.000155746" C="0.00407459" G="0.995614" T="0.000155746"/>
      <pos A="0.0238307" C="0.000128877" G="0.975885" T="0.000155746"/>
      <pos A="0.0435622" C="0.000128877" G="0.94037" T="0.0159389"/>
      <pos A="0.000155746" C="0.00407459" G="0.000128877" T="0.995641"/>
      <pos A="0.335948" C="0.000128877" G="0.647984" T="0.0159389"/>
      <pos A="0.75085" C="0.0080203" G="0.011966" T="0.229164"/>
      <pos A="0.0317227" C="0.0159117" G="0.948264" T="0.00410146"/>
      <pos A="0.964074" C="0.000128877" G="0.0198584" T="0.0159389"/>
      <pos A="0.0435638" C="0.889062" G="0.00407459" T="0.0632992"/>
      <pos A="0.000155746" C="0.0080203" G="0.000128877" T="0.991695"/>
    </motif>
    <motif id="19-GTAWTTA" alt="STREME-19" width="7" initial_width="7" seed="GTAATTA" score_threshold="12.7298" npassing="270" train_pos_count="233" train_neg_count="139" train_log_pvalue="-6.31614" train_pvalue="4.8e-007" train_dtc="-1.0" train_bernoulli="-1" test_pos_count="37" test_neg_count="12" test_log_pvalue="-3.7004" test_pvalue="2.0e-004" test_log_evalue="-1.97613" test_evalue="1.1e-002" test_dtc="-1.0" test_bernoulli="-1" is_palindromic="no" elapsed_time="725.1" total_sites="233" site_distr=" 1 4 2 2 3 1 3 5 2 1 1 1 3 3 1 4 1 0 1 2 1 4 3 3 0 5 3 3 3 3 1 3 2 2 1 3 4 1 2 1 1 2 0 2 4 4 0 2 5 0 2 2 3 4 3 6 3 2 0 3 0 1 4 4 2 1 1 3 0 3 2 2 2 2 3 3 4 3 1 5 3 3 2 3 3 3 2 2 4 2 2 1 4 3" max_sites="3" site_hist=" 0 216 15 2">
      <pos A="0.00151181" C="0.001251" G="0.995725" T="0.00151181"/>
      <pos A="0.00151181" C="0.001251" G="0.001251" T="0.995986"/>
      <pos A="0.995986" C="0.001251" G="0.001251" T="0.00151181"/>
      <pos A="0.469083" C="0.001251" G="0.22981" T="0.299856"/>
      <pos A="0.00151181" C="0.0016525" G="0.001251" T="0.995585"/>
      <pos A="0.00151181" C="0.001251" G="0.001251" T="0.995986"/>
      <pos A="0.995986" C="0.001251" G="0.001251" T="0.00151181"/>
    </motif>
    <motif id="20-CCACTGAGWAKGAGA" alt="STREME-20" width="15" initial_width="8" seed="CCACTGAGAAGGAAA" score_threshold="13.7968" npassing="174" train_pos_count="161" train_neg_count="0" train_log_pvalue="-48.7898" train_pvalue="1.6e-049" train_dtc="-1.0" train_bernoulli="-1" test_pos_count="13" test_neg_count="1" test_log_pvalue="-3.0534" test_pvalue="8.8e-004" test_log_evalue="-1.32913" test_evalue="4.7e-002" test_dtc="-1.0" test_bernoulli="-1" is_palindromic="no" elapsed_time="332.0" total_sites="161" site_distr=" 2 3 0 1 2 1 0 2 2 1 0 0 3 2 4 2 4 5 2 4 1 4 0 1 3 3 1 1 0 1 2 3 1 0 0 0 2 2 0 1 3 2 3 0 0 0 0 0 2 0 0 2 1 1 1 0 0 1 1 3 1 0 3 5 2 2 1 1 1 2 1 3 4 3 4 2 0 1 8 6 6 1 6 8 2 2" max_sites="1" site_hist=" 0 161">
      <pos A="0.000247911" C="0.986738" G="0.000205143" T="0.0128092"/>
      <pos A="0.000247911" C="0.980457" G="0.000205143" T="0.0190899"/>
      <pos A="0.974219" C="0.0253278" G="0.000205143" T="0.000247911"/>
      <pos A="0.0379329" C="0.936491" G="0.0127665" T="0.0128092"/>
      <pos A="0.000247911" C="0.0190471" G="0.000205143" T="0.9805"/>
      <pos A="0.157353" C="0.000205143" G="0.842194" T="0.000247911"/>
      <pos A="0.898837" C="0.000205143" G="0.000205143" T="0.100753"/>
      <pos A="0.264206" C="0.0190487" G="0.716497" T="0.000247911"/>
      <pos A="0.615988" C="0.000205143" G="0.000205143" T="0.383602"/>
      <pos A="0.98678" C="0.000205143" G="0.0127665" T="0.000247911"/>
      <pos A="0.0128098" C="0.0064858" G="0.35206" T="0.628644"/>
      <pos A="0.0253711" C="0.0064858" G="0.911366" T="0.0567775"/>
      <pos A="0.993061" C="0.0064858" G="0.000205143" T="0.000247911"/>
      <pos A="0.194994" C="0.000205143" G="0.804553" T="0.000247911"/>
      <pos A="0.98678" C="0.000205143" G="0.0127665" T="0.000247911"/>
    </motif>
    <motif id="21-AGAGTGTTTACT" alt="STREME-21" width="12" initial_width="11" seed="AGAGTGTTTACA" score_threshold="13.6667" npassing="113" train_pos_count="100" train_neg_count="2" train_log_pvalue="-27.1038" train_pvalue="7.9e-028" train_dtc="-1.0" train_bernoulli="-1" test_pos_count="13" test_neg_count="1" test_log_pvalue="-3.0534" test_pvalue="8.8e-004" test_log_evalue="-1.32913" test_evalue="4.7e-002" test_dtc="-1.0" test_bernoulli="-1" is_palindromic="no" elapsed_time="422.8" total_sites="100" site_distr=" 0 4 1 0 1 0 1 0 1 1 0 0 0 0 0 2 2 1 2 2 1 0 2 2 4 0 0 3 1 0 3 1 2 4 3 1 0 2 0 2 0 0 2 0 1 0 0 0 1 2 2 1 1 1 2 0 1 0 1 3 2 2 4 1 2 0 0 0 1 1 0 1 0 1 3 0 1 4 2 1 0 1 0 2 1 1 2 0 0" max_sites="1" site_hist=" 0 100">
      <pos A="0.975587" C="0.0100047" G="0.0100047" T="0.00440314"/>
      <pos A="0.0100707" C="0.0293812" G="0.960166" T="0.000382417"/>
      <pos A="0.998985" C="0.000316444" G="0.000316444" T="0.000382417"/>
      <pos A="0.0334703" C="0.000316444" G="0.965831" T="0.000382417"/>
      <pos A="0.0100707" C="0.000316444" G="0.000316444" T="0.989296"/>
      <pos A="0.016641" C="0.029382" G="0.953595" T="0.000382417"/>
      <pos A="0.0778974" C="0.0196938" G="0.0100047" T="0.892404"/>
      <pos A="0.0100707" C="0.019693" G="0.000316444" T="0.96992"/>
      <pos A="0.0100707" C="0.000316444" G="0.0100047" T="0.979608"/>
      <pos A="0.92147" C="0.000316444" G="0.000316444" T="0.0778974"/>
      <pos A="0.000382417" C="0.940777" G="0.000316444" T="0.058524"/>
      <pos A="0.0996414" C="0.0390743" G="0.0100047" T="0.85128"/>
    </motif>
    <motif id="22-CATGCTGGG" alt="STREME-22" width="9" initial_width="9" seed="CATGCTGGG" score_threshold="13.6175" npassing="54" train_pos_count="45" train_neg_count="6" train_log_pvalue="-8.05667" train_pvalue="8.8e-009" train_dtc="-1.0" train_bernoulli="-1" test_pos_count="9" test_neg_count="0" test_log_pvalue="-2.71738" test_pvalue="1.9e-003" test_log_evalue="-0.993105" test_evalue="1.0e-001" test_dtc="-1.0" test_bernoulli="-1" is_palindromic="no" elapsed_time="801.0" total_sites="45" site_distr=" 0 0 3 0 0 0 2 1 0 0 1 0 1 0 0 0 1 1 0 1 0 0 0 1 0 0 1 0 0 0 1 0 1 0 0 1 1 0 0 0 0 1 0 1 1 1 0 0 0 1 0 0 0 1 1 1 0 0 0 0 0 0 3 2 0 0 1 1 1 0 1 0 0 0 1 0 1 1 0 0 1 0 2 0 0 0 0 0 0 2 1 0" max_sites="2" site_hist=" 0 43 2">
      <pos A="0.0248727" C="0.929673" G="0.0205818" T="0.0248727"/>
      <pos A="0.933964" C="0.0205818" G="0.0205818" T="0.0248727"/>
      <pos A="0.0248727" C="0.0205818" G="0.0205818" T="0.933964"/>
      <pos A="0.0248727" C="0.0205818" G="0.929673" T="0.0248727"/>
      <pos A="0.0248727" C="0.929673" G="0.0205818" T="0.0248727"/>
      <pos A="0.0248727" C="0.0205818" G="0.0205818" T="0.933964"/>
      <pos A="0.0248727" C="0.0205818" G="0.929673" T="0.0248727"/>
      <pos A="0.0248727" C="0.0205818" G="0.929673" T="0.0248727"/>
      <pos A="0.0248727" C="0.0205818" G="0.929673" T="0.0248727"/>
    </motif>
    <motif id="23-ACTTCCT" alt="STREME-23" width="7" initial_width="7" seed="ACTTCCT" score_threshold="12.6248" npassing="332" train_pos_count="292" train_neg_count="175" train_log_pvalue="-7.64325" train_pvalue="2.3e-008" train_dtc="-1.0" train_bernoulli="-1" test_pos_count="40" test_neg_count="18" test_log_pvalue="-2.62884" test_pvalue="2.4e-003" test_log_evalue="-0.904564" test_evalue="1.2e-001" test_dtc="-1.0" test_bernoulli="-1" is_palindromic="no" elapsed_time="679.5" total_sites="292" site_distr=" 5 4 3 4 2 5 2 2 1 3 5 1 7 2 2 5 5 4 2 2 3 6 4 3 2 3 2 5 4 0 3 1 3 1 6 4 3 2 3 2 2 5 2 0 2 1 1 4 1 1 1 2 8 3 4 3 7 2 5 6 3 3 1 0 3 4 1 1 1 6 6 3 4 2 2 3 3 1 5 4 5 4 1 2 3 1 3 9 3 1 7 3 3 0" max_sites="2" site_hist=" 0 287 5">
      <pos A="0.996443" C="0.0011085" G="0.0011085" T="0.0013396"/>
      <pos A="0.0013396" C="0.996212" G="0.0011085" T="0.0013396"/>
      <pos A="0.0013396" C="0.0011085" G="0.0269077" T="0.970644"/>
      <pos A="0.0013396" C="0.0011085" G="0.0011085" T="0.996443"/>
      <pos A="0.0013396" C="0.996212" G="0.0011085" T="0.0013396"/>
      <pos A="0.0013396" C="0.990783" G="0.0065373" T="0.0013396"/>
      <pos A="0.0013396" C="0.0011085" G="0.290545" T="0.707007"/>
    </motif>
    <motif id="24-CTCATTCAAA" alt="STREME-24" width="10" initial_width="10" seed="CTCATTCAAA" score_threshold="13.8482" npassing="75" train_pos_count="62" train_neg_count="6" train_log_pvalue="-12.4268" train_pvalue="3.7e-013" train_dtc="-1.0" train_bernoulli="-1" test_pos_count="13" test_neg_count="2" test_log_pvalue="-2.44541" test_pvalue="3.6e-003" test_log_evalue="-0.721135" test_evalue="1.9e-001" test_dtc="-1.0" test_bernoulli="-1" is_palindromic="no" elapsed_time="576.4" total_sites="62" site_distr=" 0 0 0 1 0 7 3 0 2 0 0 1 0 0 0 0 1 1 2 1 2 1 3 1 1 0 1 0 1 0 0 2 1 2 1 0 0 0 0 0 0 0 1 1 1 0 0 2 1 0 0 0 2 0 0 0 0 1 1 1 2 0 0 0 1 1 0 0 0 0 0 0 0 0 0 1 2 0 1 0 0 0 1 0 1 0 0 1 2 2 1" max_sites="1" site_hist=" 0 62">
      <pos A="0.000961439" C="0.997282" G="0.000795577" T="0.000961439"/>
      <pos A="0.000961439" C="0.000795577" G="0.025153" T="0.97309"/>
      <pos A="0.000961439" C="0.795034" G="0.000795577" T="0.203209"/>
      <pos A="0.997447" C="0.000795577" G="0.000795577" T="0.000961439"/>
      <pos A="0.000961439" C="0.000795577" G="0.000795577" T="0.997447"/>
      <pos A="0.000961439" C="0.000795577" G="0.000795577" T="0.997447"/>
      <pos A="0.000961439" C="0.997282" G="0.000795577" T="0.000961439"/>
      <pos A="0.997447" C="0.000795577" G="0.000795577" T="0.000961439"/>
      <pos A="0.97309" C="0.000795577" G="0.000795577" T="0.0253189"/>
      <pos A="0.997447" C="0.000795577" G="0.000795577" T="0.000961439"/>
    </motif>
    <motif id="25-AGACAAGGAAAGT" alt="STREME-25" width="13" initial_width="12" seed="AGACAAGGAAAGT" score_threshold="15.6814" npassing="46" train_pos_count="38" train_neg_count="0" train_log_pvalue="-11.4567" train_pvalue="3.5e-012" train_dtc="-1.0" train_bernoulli="-1" test_pos_count="8" test_neg_count="0" test_log_pvalue="-2.41455" test_pvalue="3.8e-003" test_log_evalue="-0.69027" test_evalue="2.0e-001" test_dtc="-1.0" test_bernoulli="-1" is_palindromic="no" elapsed_time="591.2" total_sites="38" site_distr=" 2 1 0 0 0 0 0 0 1 0 2 2 0 0 0 0 0 1 0 4 3 0 1 0 0 1 0 1 0 0 1 0 1 1 1 1 1 0 1 0 1 0 0 0 0 2 0 0 1 0 0 0 0 0 0 0 0 0 0 2 0 0 0 0 0 0 0 0 0 0 0 0 1 1 3 0 0 0 0 0 0 0 1 0 0 0 0 0" max_sites="1" site_hist=" 0 38">
      <pos A="0.933964" C="0.0205818" G="0.0205818" T="0.0248727"/>
      <pos A="0.0248727" C="0.0205818" G="0.929673" T="0.0248727"/>
      <pos A="0.933964" C="0.0205818" G="0.0205818" T="0.0248727"/>
      <pos A="0.0248727" C="0.929673" G="0.0205818" T="0.0248727"/>
      <pos A="0.933964" C="0.0205818" G="0.0205818" T="0.0248727"/>
      <pos A="0.933964" C="0.0205818" G="0.0205818" T="0.0248727"/>
      <pos A="0.0248727" C="0.0205818" G="0.929673" T="0.0248727"/>
      <pos A="0.0248727" C="0.0205818" G="0.929673" T="0.0248727"/>
      <pos A="0.933964" C="0.0205818" G="0.0205818" T="0.0248727"/>
      <pos A="0.933964" C="0.0205818" G="0.0205818" T="0.0248727"/>
      <pos A="0.933964" C="0.0205818" G="0.0205818" T="0.0248727"/>
      <pos A="0.0248727" C="0.0205818" G="0.929673" T="0.0248727"/>
      <pos A="0.0248727" C="0.0205818" G="0.0205818" T="0.933964"/>
    </motif>
    <motif id="26-CATCCACCAA" alt="STREME-26" width="10" initial_width="10" seed="CATCCACCAA" score_threshold="18.3503" npassing="53" train_pos_count="45" train_neg_count="4" train_log_pvalue="-9.40645" train_pvalue="3.9e-010" train_dtc="-1.0" train_bernoulli="-1" test_pos_count="8" test_neg_count="0" test_log_pvalue="-2.41455" test_pvalue="3.8e-003" test_log_evalue="-0.69027" test_evalue="2.0e-001" test_dtc="-1.0" test_bernoulli="-1" is_palindromic="no" elapsed_time="643.8" total_sites="45" site_distr=" 0 0 0 0 0 0 1 0 0 1 0 0 0 0 0 0 0 0 2 1 0 0 0 0 1 1 0 0 0 0 0 0 1 0 2 1 0 0 1 0 0 1 0 4 3 0 1 0 0 0 0 1 1 2 1 0 1 0 1 1 1 1 1 0 0 0 0 0 0 4 0 0 1 0 1 1 0 0 0 1 0 0 0 0 0 0 2 0 1 1 1" max_sites="1" site_hist=" 0 45">
      <pos A="0.0248727" C="0.929673" G="0.0205818" T="0.0248727"/>
      <pos A="0.933964" C="0.0205818" G="0.0205818" T="0.0248727"/>
      <pos A="0.0248727" C="0.0205818" G="0.0205818" T="0.933964"/>
      <pos A="0.0248727" C="0.929673" G="0.0205818" T="0.0248727"/>
      <pos A="0.0248727" C="0.929673" G="0.0205818" T="0.0248727"/>
      <pos A="0.933964" C="0.0205818" G="0.0205818" T="0.0248727"/>
      <pos A="0.0248727" C="0.929673" G="0.0205818" T="0.0248727"/>
      <pos A="0.0248727" C="0.929673" G="0.0205818" T="0.0248727"/>
      <pos A="0.933964" C="0.0205818" G="0.0205818" T="0.0248727"/>
      <pos A="0.933964" C="0.0205818" G="0.0205818" T="0.0248727"/>
    </motif>
    <motif id="27-TATTCA" alt="STREME-27" width="6" initial_width="6" seed="TATTCA" score_threshold="11.1936" npassing="645" train_pos_count="574" train_neg_count="464" train_log_pvalue="-3.61945" train_pvalue="2.4e-004" train_dtc="-1.0" train_bernoulli="-1" test_pos_count="71" test_neg_count="44" test_log_pvalue="-2.21732" test_pvalue="6.1e-003" test_log_evalue="-0.49304" test_evalue="3.2e-001" test_dtc="-1.0" test_bernoulli="-1" is_palindromic="no" elapsed_time="714.1" total_sites="574" site_distr=" 4 7 2 9 7 7 3 3 5 4 8 5 3 5 3 7 2 6 6 4 5 4 10 6 4 9 5 9 9 6 9 8 2 5 7 9 5 6 9 6 8 4 3 5 7 4 7 7 8 7 5 5 8 1 5 4 5 5 6 1 2 10 2 10 11 5 4 4 6 7 6 4 8 9 2 8 8 2 3 6 4 2 3 7 9 4 8 10 5 5 5 5 5 12 11" max_sites="2" site_hist=" 0 550 24">
      <pos A="0.0248727" C="0.0205818" G="0.0205818" T="0.933964"/>
      <pos A="0.933964" C="0.0205818" G="0.0205818" T="0.0248727"/>
      <pos A="0.0248727" C="0.0205818" G="0.0205818" T="0.933964"/>
      <pos A="0.0248727" C="0.0205818" G="0.0205818" T="0.933964"/>
      <pos A="0.0248727" C="0.929673" G="0.0205818" T="0.0248727"/>
      <pos A="0.933964" C="0.0205818" G="0.0205818" T="0.0248727"/>
    </motif>
    <motif id="28-ACAAAG" alt="STREME-28" width="6" initial_width="6" seed="ACAAAG" score_threshold="10.474" npassing="969" train_pos_count="873" train_neg_count="494" train_log_pvalue="-26.3576" train_pvalue="4.4e-027" train_dtc="-1.0" train_bernoulli="-1" test_pos_count="96" test_neg_count="65" test_log_pvalue="-2.17613" test_pvalue="6.7e-003" test_log_evalue="-0.451858" test_evalue="3.5e-001" test_dtc="-1.0" test_bernoulli="-1" is_palindromic="no" elapsed_time="376.0" total_sites="873" site_distr=" 34 26 15 7 7 7 9 19 8 7 8 7 11 10 8 6 10 10 7 11 6 8 9 6 7 11 7 12 7 9 6 4 7 6 8 5 4 12 9 3 8 6 7 6 4 3 6 8 7 6 9 11 6 6 8 11 8 15 9 9 5 8 5 7 4 2 10 8 11 7 9 10 9 13 7 10 9 12 10 12 2 12 5 10 8 8 5 10 6 9 4 11 23 12 9" max_sites="3" site_hist=" 0 828 44 1">
      <pos A="0.933964" C="0.0205818" G="0.0205818" T="0.0248727"/>
      <pos A="0.0248727" C="0.929673" G="0.0205818" T="0.0248727"/>
      <pos A="0.933964" C="0.0205818" G="0.0205818" T="0.0248727"/>
      <pos A="0.933964" C="0.0205818" G="0.0205818" T="0.0248727"/>
      <pos A="0.933964" C="0.0205818" G="0.0205818" T="0.0248727"/>
      <pos A="0.0248727" C="0.0205818" G="0.929673" T="0.0248727"/>
    </motif>
    <motif id="29-AGATGG" alt="STREME-29" width="6" initial_width="6" seed="AGATGG" score_threshold="11.0501" npassing="670" train_pos_count="596" train_neg_count="394" train_log_pvalue="-10.6838" train_pvalue="2.1e-011" train_dtc="-1.0" train_bernoulli="-1" test_pos_count="74" test_neg_count="47" test_log_pvalue="-2.14444" test_pvalue="7.2e-003" test_log_evalue="-0.420163" test_evalue="3.8e-001" test_dtc="-1.0" test_bernoulli="-1" is_palindromic="no" elapsed_time="603.4" total_sites="596" site_distr=" 12 5 4 7 6 1 6 2 1 5 3 3 1 4 5 7 5 5 6 5 3 3 5 3 6 5 4 10 9 6 9 9 7 7 5 7 5 5 6 6 13 7 8 7 5 11 16 10 9 6 9 13 12 7 6 11 4 8 6 10 15 7 9 6 7 6 7 4 4 5 6 6 3 8 5 6 5 6 9 2 6 6 6 3 5 1 4 2 6 5 2 3 3 10 4" max_sites="2" site_hist=" 0 583 13">
      <pos A="0.933964" C="0.0205818" G="0.0205818" T="0.0248727"/>
      <pos A="0.0248727" C="0.0205818" G="0.929673" T="0.0248727"/>
      <pos A="0.933964" C="0.0205818" G="0.0205818" T="0.0248727"/>
      <pos A="0.0248727" C="0.0205818" G="0.0205818" T="0.933964"/>
      <pos A="0.0248727" C="0.0205818" G="0.929673" T="0.0248727"/>
      <pos A="0.0248727" C="0.0205818" G="0.929673" T="0.0248727"/>
    </motif>
    <motif id="30-GACTTCCCCAAA" alt="STREME-30" width="12" initial_width="12" seed="GACTTCCCCAAA" score_threshold="14.5912" npassing="88" train_pos_count="81" train_neg_count="0" train_log_pvalue="-24.4645" train_pvalue="3.4e-025" train_dtc="-1.0" train_bernoulli="-1" test_pos_count="7" test_neg_count="0" test_log_pvalue="-2.11194" test_pvalue="7.7e-003" test_log_evalue="-0.387661" test_evalue="4.1e-001" test_dtc="-1.0" test_bernoulli="-1" is_palindromic="no" elapsed_time="437.6" total_sites="81" site_distr=" 0 1 1 0 4 0 2 2 3 2 4 2 1 1 1 1 0 1 1 3 1 4 1 1 1 0 0 0 2 1 0 0 2 2 0 0 1 1 0 1 2 1 0 0 0 0 0 0 0 1 0 0 1 1 0 1 0 0 1 0 0 0 1 0 0 1 0 1 1 0 0 0 1 0 1 2 3 2 1 0 1 0 1 2 1 0 1 1 4" max_sites="1" site_hist=" 0 81">
      <pos A="0.0598218" C="0.000387713" G="0.927452" T="0.0123388"/>
      <pos A="0.998756" C="0.000387713" G="0.000387713" T="0.000468544"/>
      <pos A="0.000468544" C="0.939321" G="0.000387713" T="0.0598228"/>
      <pos A="0.000468544" C="0.000387713" G="0.000387713" T="0.998756"/>
      <pos A="0.000468544" C="0.000387713" G="0.000387713" T="0.998756"/>
      <pos A="0.000468544" C="0.963063" G="0.000387713" T="0.0360803"/>
      <pos A="0.0123388" C="0.915578" G="0.000387713" T="0.071696"/>
      <pos A="0.000468544" C="0.998675" G="0.000387713" T="0.000468544"/>
      <pos A="0.000468544" C="0.927451" G="0.012258" T="0.0598228"/>
      <pos A="0.91566" C="0.0834834" G="0.000387713" T="0.000468544"/>
      <pos A="0.880044" C="0.0953596" G="0.000387713" T="0.024209"/>
      <pos A="0.998756" C="0.000387713" G="0.000387713" T="0.000468544"/>
    </motif>
    <motif id="31-AGCACAACTACAGG" alt="STREME-31" width="14" initial_width="10" seed="AGCACAACTATAGG" score_threshold="11.02" npassing="62" train_pos_count="55" train_neg_count="0" train_log_pvalue="-16.5938" train_pvalue="2.5e-017" train_dtc="-1.0" train_bernoulli="-1" test_pos_count="7" test_neg_count="0" test_log_pvalue="-2.11194" test_pvalue="7.7e-003" test_log_evalue="-0.387661" test_evalue="4.1e-001" test_dtc="-1.0" test_bernoulli="-1" is_palindromic="no" elapsed_time="478.9" total_sites="55" site_distr=" 0 0 0 1 0 0 0 0 0 0 0 0 0 0 0 0 0 0 0 1 0 0 0 0 1 0 0 0 2 1 0 1 0 0 1 1 0 1 1 3 0 1 1 0 2 2 0 1 1 0 1 1 0 4 3 2 1 0 0 0 1 2 0 0 1 1 1 1 1 1 1 0 3 0 1 1 1 1 0 3 0 0 1 0 0 0 0" max_sites="1" site_hist=" 0 55">
      <pos A="0.978836" C="0.000625711" G="0.0197825" T="0.000756159"/>
      <pos A="0.0199129" C="0.000625711" G="0.978705" T="0.000756159"/>
      <pos A="0.0390697" C="0.959548" G="0.000625711" T="0.000756159"/>
      <pos A="0.997992" C="0.000625711" G="0.000625711" T="0.000756159"/>
      <pos A="0.0199129" C="0.959548" G="0.000625711" T="0.0199129"/>
      <pos A="0.997992" C="0.000625711" G="0.000625711" T="0.000756159"/>
      <pos A="0.978836" C="0.0197825" G="0.000625711" T="0.000756159"/>
      <pos A="0.000756159" C="0.902062" G="0.000625711" T="0.0965559"/>
      <pos A="0.000756159" C="0.000625711" G="0.000625711" T="0.997992"/>
      <pos A="0.997992" C="0.000625711" G="0.000625711" T="0.000756159"/>
      <pos A="0.000756159" C="0.787112" G="0.000625711" T="0.211506"/>
      <pos A="0.997992" C="0.000625711" G="0.000625711" T="0.000756159"/>
      <pos A="0.0199129" C="0.000625711" G="0.978705" T="0.000756159"/>
      <pos A="0.000756159" C="0.000625711" G="0.997862" T="0.000756159"/>
    </motif>
    <motif id="32-AAGTCTGRATCAGCC" alt="STREME-32" width="15" initial_width="15" seed="AAGTCTGGATCAGCC" score_threshold="12.2083" npassing="54" train_pos_count="47" train_neg_count="0" train_log_pvalue="-14.1754" train_pvalue="6.7e-015" train_dtc="-1.0" train_bernoulli="-1" test_pos_count="7" test_neg_count="0" test_log_pvalue="-2.11194" test_pvalue="7.7e-003" test_log_evalue="-0.387661" test_evalue="4.1e-001" test_dtc="-1.0" test_bernoulli="-1" is_palindromic="no" elapsed_time="776.2" total_sites="47" site_distr=" 2 2 0 1 1 5 2 0 0 1 4 3 2 0 0 3 0 0 0 0 0 0 3 0 0 0 0 0 0 0 0 1 0 1 0 0 0 0 0 0 1 0 0 0 0 1 0 0 0 0 0 0 0 0 0 1 0 0 0 0 0 0 0 0 0 1 3 0 0 0 0 0 0 1 0 0 0 1 1 1 0 1 1 0 0 3" max_sites="1" site_hist=" 0 47">
      <pos A="0.976066" C="0.000707587" G="0.0223711" T="0.000855105"/>
      <pos A="0.694412" C="0.000707587" G="0.304025" T="0.000855105"/>
      <pos A="0.000855105" C="0.000707587" G="0.932592" T="0.0658456"/>
      <pos A="0.000855105" C="0.000707587" G="0.000707587" T="0.99773"/>
      <pos A="0.000855105" C="0.997582" G="0.000707587" T="0.000855105"/>
      <pos A="0.000855105" C="0.000707587" G="0.000707587" T="0.99773"/>
      <pos A="0.000855105" C="0.000707587" G="0.997582" T="0.000855105"/>
      <pos A="0.499195" C="0.000707587" G="0.499243" T="0.000855105"/>
      <pos A="0.82442" C="0.0873616" G="0.0656999" T="0.0225186"/>
      <pos A="0.000855105" C="0.0873634" G="0.000707587" T="0.911074"/>
      <pos A="0.0225186" C="0.932592" G="0.000707587" T="0.0441821"/>
      <pos A="0.976066" C="0.0223711" G="0.000707587" T="0.000855105"/>
      <pos A="0.0225186" C="0.000707587" G="0.975919" T="0.000855105"/>
      <pos A="0.000855105" C="0.997582" G="0.000707587" T="0.000855105"/>
      <pos A="0.000855105" C="0.997582" G="0.000707587" T="0.000855105"/>
    </motif>
    <motif id="33-CTACTGTCCTA" alt="STREME-33" width="11" initial_width="11" seed="CTACTGTCCTA" score_threshold="13.9634" npassing="120" train_pos_count="114" train_neg_count="0" train_log_pvalue="-34.479" train_pvalue="3.3e-035" train_dtc="-1.0" train_bernoulli="-1" test_pos_count="6" test_neg_count="0" test_log_pvalue="-1.80955" test_pvalue="1.6e-002" test_log_evalue="-0.0852786" test_evalue="8.2e-001" test_dtc="-1.0" test_bernoulli="-1" is_palindromic="no" elapsed_time="362.7" total_sites="114" site_distr=" 0 0 1 1 0 3 1 3 3 1 1 2 1 2 0 0 0 0 1 1 0 1 1 0 0 0 1 0 1 2 1 1 1 3 2 2 1 2 0 1 2 1 2 1 2 1 4 1 2 1 5 4 2 0 0 0 1 1 0 3 2 3 1 2 2 3 4 0 0 3 1 3 4 1 2 0 1 0 0 1 0 3 0 0 0 0 1 1 0 2" max_sites="1" site_hist=" 0 114">
      <pos A="0.00902453" C="0.929568" G="0.017648" T="0.0437591"/>
      <pos A="0.00902453" C="0.000283571" G="0.000283571" T="0.990408"/>
      <pos A="0.99909" C="0.000283571" G="0.000283571" T="0.000342691"/>
      <pos A="0.000342691" C="0.999031" G="0.000283571" T="0.000342691"/>
      <pos A="0.00394574" C="0.000283571" G="0.017648" T="0.978123"/>
      <pos A="0.0263904" C="0.017648" G="0.929571" T="0.0263904"/>
      <pos A="0.000342691" C="0.0436999" G="0.000283571" T="0.955674"/>
      <pos A="0.000342691" C="0.981667" G="0.000283571" T="0.0177071"/>
      <pos A="0.00902453" C="0.981667" G="0.000283571" T="0.00902453"/>
      <pos A="0.00394574" C="0.000283571" G="0.000283571" T="0.995487"/>
      <pos A="0.851401" C="0.000283571" G="0.000283571" T="0.148032"/>
    </motif>
    <motif id="34-GTCTCTGGAATAKCT" alt="STREME-34" width="15" initial_width="12" seed="GTCTCTGGAATATCT" score_threshold="14.3559" npassing="70" train_pos_count="64" train_neg_count="0" train_log_pvalue="-19.3163" train_pvalue="4.8e-020" train_dtc="-1.0" train_bernoulli="-1" test_pos_count="6" test_neg_count="0" test_log_pvalue="-1.80955" test_pvalue="1.6e-002" test_log_evalue="-0.0852786" test_evalue="8.2e-001" test_dtc="-1.0" test_bernoulli="-1" is_palindromic="no" elapsed_time="548.7" total_sites="64" site_distr=" 2 0 2 0 0 0 3 1 1 1 0 0 1 1 1 1 0 0 0 2 1 3 2 0 1 2 1 0 1 0 0 1 0 0 0 0 2 0 1 0 0 2 0 1 0 0 1 1 1 1 0 0 1 0 0 1 0 1 0 0 0 0 0 2 0 1 1 2 2 3 0 0 1 0 1 0 2 1 0 0 0 3 1 2 1 0" max_sites="1" site_hist=" 0 64">
      <pos A="0.0391045" C="0.000626268" G="0.959512" T="0.000756833"/>
      <pos A="0.000756833" C="0.000626268" G="0.038974" T="0.959643"/>
      <pos A="0.0199307" C="0.959512" G="0.000626268" T="0.0199307"/>
      <pos A="0.0199307" C="0.000626268" G="0.000626268" T="0.978817"/>
      <pos A="0.000756833" C="0.978686" G="0.000626268" T="0.0199307"/>
      <pos A="0.000756833" C="0.307433" G="0.038974" T="0.652836"/>
      <pos A="0.0966419" C="0.0198001" G="0.863627" T="0.0199307"/>
      <pos A="0.000756833" C="0.000626268" G="0.99786" T="0.000756833"/>
      <pos A="0.978817" C="0.000626268" G="0.0198001" T="0.000756833"/>
      <pos A="0.978817" C="0.0198001" G="0.000626268" T="0.000756833"/>
      <pos A="0.0199307" C="0.038974" G="0.000626268" T="0.940469"/>
      <pos A="0.767895" C="0.0965003" G="0.134848" T="0.000756833"/>
      <pos A="0.0199307" C="0.000626268" G="0.326663" T="0.65278"/>
      <pos A="0.0199307" C="0.978686" G="0.000626268" T="0.000756833"/>
      <pos A="0.000756833" C="0.000626268" G="0.000626268" T="0.997991"/>
    </motif>
    <motif id="35-AAAAGGGTCT" alt="STREME-35" width="10" initial_width="10" seed="AAAAGGGTCT" score_threshold="17.7763" npassing="47" train_pos_count="41" train_neg_count="2" train_log_pvalue="-9.9865" train_pvalue="1.0e-010" train_dtc="-1.0" train_bernoulli="-1" test_pos_count="6" test_neg_count="0" test_log_pvalue="-1.80955" test_pvalue="1.6e-002" test_log_evalue="-0.0852786" test_evalue="8.2e-001" test_dtc="-1.0" test_bernoulli="-1" is_palindromic="no" elapsed_time="617.3" total_sites="41" site_distr=" 1 0 1 0 0 0 0 0 0 0 0 0 0 0 1 0 0 1 0 0 0 0 0 0 0 0 0 1 1 4 0 0 0 1 0 1 0 0 0 0 0 0 2 1 0 0 0 0 1 1 1 1 0 0 0 2 1 0 0 2 0 0 2 0 0 0 1 4 1 1 0 1 0 0 0 0 0 0 1 0 0 1 1 1 1 0 2 0 0 0 0" max_sites="1" site_hist=" 0 41">
      <pos A="0.933964" C="0.0205818" G="0.0205818" T="0.0248727"/>
      <pos A="0.933964" C="0.0205818" G="0.0205818" T="0.0248727"/>
      <pos A="0.933964" C="0.0205818" G="0.0205818" T="0.0248727"/>
      <pos A="0.933964" C="0.0205818" G="0.0205818" T="0.0248727"/>
      <pos A="0.0248727" C="0.0205818" G="0.929673" T="0.0248727"/>
      <pos A="0.0248727" C="0.0205818" G="0.929673" T="0.0248727"/>
      <pos A="0.0248727" C="0.0205818" G="0.929673" T="0.0248727"/>
      <pos A="0.0248727" C="0.0205818" G="0.0205818" T="0.933964"/>
      <pos A="0.0248727" C="0.929673" G="0.0205818" T="0.0248727"/>
      <pos A="0.0248727" C="0.0205818" G="0.0205818" T="0.933964"/>
    </motif>
    <motif id="36-AGAGACAGTGAA" alt="STREME-36" width="12" initial_width="12" seed="AGAGACAGTGAA" score_threshold="14.0482" npassing="90" train_pos_count="80" train_neg_count="1" train_log_pvalue="-22.5468" train_pvalue="2.8e-023" train_dtc="-1.0" train_bernoulli="-1" test_pos_count="10" test_neg_count="2" test_log_pvalue="-1.72133" test_pvalue="1.9e-002" test_log_evalue="0.0029457" test_evalue="1.0e+000" test_dtc="-1.0" test_bernoulli="-1" is_palindromic="no" elapsed_time="451.9" total_sites="80" site_distr=" 5 0 2 0 1 2 1 0 0 4 1 1 0 1 1 2 1 0 0 0 0 0 0 0 0 1 0 2 0 0 1 0 2 0 0 0 0 0 0 1 2 2 0 1 1 0 0 0 0 0 1 1 1 0 2 2 0 3 2 1 2 1 0 0 0 2 1 1 0 1 2 0 0 1 1 0 0 1 0 0 3 4 1 1 0 2 0 6 2" max_sites="1" site_hist=" 0 80">
      <pos A="0.818763" C="0.0272422" G="0.0540512" T="0.0999438"/>
      <pos A="0.000528994" C="0.0272422" G="0.9717" T="0.000528994"/>
      <pos A="0.971792" C="0.000437734" G="0.0138394" T="0.0139307"/>
      <pos A="0.0943642" C="0.000437734" G="0.904669" T="0.000528994"/>
      <pos A="0.944985" C="0.0406462" G="0.000437734" T="0.0139307"/>
      <pos A="0.0273335" C="0.9717" G="0.000437734" T="0.000528994"/>
      <pos A="0.958389" C="0.0138394" G="0.000437734" T="0.0273335"/>
      <pos A="0.000528994" C="0.000437734" G="0.998504" T="0.000528994"/>
      <pos A="0.000528994" C="0.0138394" G="0.000437734" T="0.985194"/>
      <pos A="0.0139307" C="0.000437734" G="0.971701" T="0.0139307"/>
      <pos A="0.971792" C="0.000437734" G="0.0138394" T="0.0139307"/>
      <pos A="0.998596" C="0.000437734" G="0.000437734" T="0.000528994"/>
    </motif>
    <motif id="37-CTCAAAGCCASCTCC" alt="STREME-37" width="15" initial_width="9" seed="CTCAAAGCCAGCTCC" score_threshold="13.9893" npassing="65" train_pos_count="57" train_neg_count="0" train_log_pvalue="-17.1986" train_pvalue="6.3e-018" train_dtc="-1.0" train_bernoulli="-1" test_pos_count="8" test_neg_count="1" test_log_pvalue="-1.71414" test_pvalue="1.9e-002" test_log_evalue="0.0101396" test_evalue="1.0e+000" test_dtc="-1.0" test_bernoulli="-1" is_palindromic="no" elapsed_time="493.6" total_sites="57" site_distr=" 0 0 0 2 2 2 1 1 2 3 3 0 1 1 1 0 0 0 0 0 0 2 0 0 1 0 0 0 0 0 0 1 0 0 0 0 0 0 0 0 0 0 0 0 0 0 0 0 0 0 0 0 0 0 0 1 0 0 1 0 0 1 0 0 1 1 0 1 1 0 0 0 0 0 2 0 1 1 1 3 5 1 4 3 4 2" max_sites="1" site_hist=" 0 57">
      <pos A="0.000702845" C="0.980207" G="0.000581594" T="0.018509"/>
      <pos A="0.000702845" C="0.0718149" G="0.000581594" T="0.926901"/>
      <pos A="0.0719317" C="0.926784" G="0.000581594" T="0.000702845"/>
      <pos A="0.980328" C="0.0183877" G="0.000581594" T="0.000702845"/>
      <pos A="0.998134" C="0.000581594" G="0.000581594" T="0.000702845"/>
      <pos A="0.980328" C="0.000581594" G="0.000581594" T="0.018509"/>
      <pos A="0.000702845" C="0.000581594" G="0.998013" T="0.000702845"/>
      <pos A="0.018509" C="0.748673" G="0.000581594" T="0.232237"/>
      <pos A="0.000702845" C="0.998013" G="0.000581594" T="0.000702845"/>
      <pos A="0.980328" C="0.000581594" G="0.0183877" T="0.000702845"/>
      <pos A="0.018509" C="0.623965" G="0.356823" T="0.000702845"/>
      <pos A="0.000702845" C="0.980207" G="0.000581594" T="0.018509"/>
      <pos A="0.000702845" C="0.000581594" G="0.000581594" T="0.998134"/>
      <pos A="0.000702845" C="0.926787" G="0.000581594" T="0.0719288"/>
      <pos A="0.000702845" C="0.926779" G="0.000581594" T="0.0719361"/>
    </motif>
    <motif id="38-CTGGCCTC" alt="STREME-38" width="8" initial_width="8" seed="CTGGCCTC" score_threshold="14.2503" npassing="96" train_pos_count="88" train_neg_count="34" train_log_pvalue="-6.30333" train_pvalue="5.0e-007" train_dtc="-1.0" train_bernoulli="-1" test_pos_count="8" test_neg_count="1" test_log_pvalue="-1.71414" test_pvalue="1.9e-002" test_log_evalue="0.0101396" test_evalue="1.0e+000" test_dtc="-1.0" test_bernoulli="-1" is_palindromic="no" elapsed_time="703.3" total_sites="88" site_distr=" 2 0 0 1 2 0 1 1 2 0 0 0 2 1 1 1 0 4 1 2 0 0 1 0 1 0 2 1 1 1 0 0 1 1 1 1 2 1 1 0 0 1 0 0 0 0 1 1 1 2 1 1 0 0 0 1 1 0 0 1 4 2 2 1 0 2 4 1 2 2 0 3 0 0 0 2 1 1 2 0 0 0 0 0 0 1 0 2 4 2 2 0 1" max_sites="1" site_hist=" 0 88">
      <pos A="0.0248727" C="0.929673" G="0.0205818" T="0.0248727"/>
      <pos A="0.0248727" C="0.0205818" G="0.0205818" T="0.933964"/>
      <pos A="0.0248727" C="0.0205818" G="0.929673" T="0.0248727"/>
      <pos A="0.0248727" C="0.0205818" G="0.929673" T="0.0248727"/>
      <pos A="0.0248727" C="0.929673" G="0.0205818" T="0.0248727"/>
      <pos A="0.0248727" C="0.929673" G="0.0205818" T="0.0248727"/>
      <pos A="0.0248727" C="0.0205818" G="0.0205818" T="0.933964"/>
      <pos A="0.0248727" C="0.929673" G="0.0205818" T="0.0248727"/>
    </motif>
    <motif id="39-ATGCAAA" alt="STREME-39" width="7" initial_width="7" seed="ATGCAAA" score_threshold="11.5889" npassing="420" train_pos_count="375" train_neg_count="204" train_log_pvalue="-12.6358" train_pvalue="2.3e-013" train_dtc="-1.0" train_bernoulli="-1" test_pos_count="45" test_neg_count="28" test_log_pvalue="-1.55619" test_pvalue="2.8e-002" test_log_evalue="0.168085" test_evalue="1.5e+000" test_dtc="-1.0" test_bernoulli="-1" is_palindromic="no" elapsed_time="533.7" total_sites="375" site_distr=" 8 4 4 4 3 4 3 3 2 3 3 8 3 5 2 3 1 4 2 3 4 4 4 2 4 3 6 2 5 6 9 7 3 8 6 5 3 4 4 3 3 5 2 2 4 7 4 1 3 2 7 2 7 2 1 5 4 3 4 5 9 5 1 4 6 3 6 3 4 3 4 1 1 3 6 2 1 3 2 5 2 2 9 4 3 6 2 2 3 3 3 1 3 6" max_sites="3" site_hist=" 0 352 21 2">
      <pos A="0.997834" C="0.0006751" G="0.0006751" T="0.000815845"/>
      <pos A="0.000815845" C="0.00147065" G="0.0006751" T="0.997038"/>
      <pos A="0.258726" C="0.0006751" G="0.739783" T="0.000815845"/>
      <pos A="0.000815845" C="0.997693" G="0.0006751" T="0.000815845"/>
      <pos A="0.989695" C="0.0006751" G="0.00881397" T="0.000815845"/>
      <pos A="0.819795" C="0.0006751" G="0.0006751" T="0.178855"/>
      <pos A="0.997834" C="0.0006751" G="0.0006751" T="0.000815845"/>
    </motif>
    <motif id="40-AGGAAATGGSY" alt="STREME-40" width="11" initial_width="9" seed="AGGAAATGGCC" score_threshold="10.092" npassing="587" train_pos_count="540" train_neg_count="179" train_log_pvalue="-44.1891" train_pvalue="6.5e-045" train_dtc="-1.0" train_bernoulli="-1" test_pos_count="47" test_neg_count="30" test_log_pvalue="-1.50773" test_pvalue="3.1e-002" test_log_evalue="0.216549" test_evalue="1.6e+000" test_dtc="-1.0" test_bernoulli="-1" is_palindromic="no" elapsed_time="408.1" total_sites="540" site_distr=" 6 7 8 10 4 5 4 5 5 9 3 6 3 3 7 4 7 2 9 9 2 6 4 5 8 5 3 6 5 8 6 8 7 7 7 13 9 9 5 6 9 4 7 4 9 6 5 5 6 2 3 10 12 5 10 4 12 6 9 7 4 5 11 2 9 9 5 3 7 5 6 4 6 7 8 2 5 7 5 3 2 5 6 4 8 5 4 6 5 2" max_sites="2" site_hist=" 0 529 11">
      <pos A="0.652376" C="0.178351" G="0.139573" T="0.0297001"/>
      <pos A="9.92558e-05" C="8.21327e-05" G="0.999719" T="9.92558e-05"/>
      <pos A="9.92558e-05" C="8.21327e-05" G="0.974573" T="0.0252452"/>
      <pos A="0.996178" C="8.21327e-05" G="0.00112571" T="0.00261383"/>
      <pos A="0.996178" C="8.21327e-05" G="8.21327e-05" T="0.00365741"/>
      <pos A="0.856079" C="0.0321008" G="0.111721" T="9.92558e-05"/>
      <pos A="0.0131571" C="0.112013" G="8.21327e-05" T="0.874747"/>
      <pos A="0.104639" C="0.0533759" G="0.634091" T="0.207894"/>
      <pos A="0.198894" C="0.0478077" G="0.726805" T="0.0264926"/>
      <pos A="0.0752842" C="0.462415" G="0.334866" T="0.127434"/>
      <pos A="0.150697" C="0.496818" G="0.0857509" T="0.266733"/>
    </motif>
    <motif id="41-CATGAAAGAGTTAG" alt="STREME-41" width="14" initial_width="14" seed="CATGAAAGAGTTAG" score_threshold="16.0468" npassing="56" train_pos_count="51" train_neg_count="0" train_log_pvalue="-15.3844" train_pvalue="4.1e-016" train_dtc="-1.0" train_bernoulli="-1" test_pos_count="5" test_neg_count="0" test_log_pvalue="-1.5074" test_pvalue="3.1e-002" test_log_evalue="0.216877" test_evalue="1.6e+000" test_dtc="-1.0" test_bernoulli="-1" is_palindromic="no" elapsed_time="521.7" total_sites="51" site_distr=" 3 1 1 0 0 1 2 0 0 2 0 3 3 2 1 0 0 0 0 0 1 0 1 0 1 0 0 0 2 1 1 1 1 0 1 1 0 0 0 0 0 0 0 0 0 1 0 0 0 0 0 1 0 0 0 0 0 0 0 2 0 0 0 1 0 0 0 0 0 1 1 0 0 2 0 0 0 1 0 5 1 1 2 0 0 0 2" max_sites="1" site_hist=" 0 51">
      <pos A="0.000786628" C="0.997776" G="0.000650923" T="0.000786628"/>
      <pos A="0.938125" C="0.000650923" G="0.0205796" T="0.040644"/>
      <pos A="0.0207153" C="0.000650923" G="0.000650923" T="0.977983"/>
      <pos A="0.140299" C="0.000650923" G="0.858263" T="0.000786628"/>
      <pos A="0.898263" C="0.000650923" G="0.000650923" T="0.100435"/>
      <pos A="0.997912" C="0.000650923" G="0.000650923" T="0.000786628"/>
      <pos A="0.977983" C="0.000650923" G="0.0205796" T="0.000786628"/>
      <pos A="0.0207153" C="0.000650923" G="0.977847" T="0.000786628"/>
      <pos A="0.938124" C="0.000650923" G="0.0604386" T="0.000786628"/>
      <pos A="0.000786628" C="0.000650923" G="0.997776" T="0.000786628"/>
      <pos A="0.0805113" C="0.0405099" G="0.000650923" T="0.878328"/>
      <pos A="0.000786628" C="0.000650923" G="0.000650923" T="0.997912"/>
      <pos A="0.997912" C="0.000650923" G="0.000650923" T="0.000786628"/>
      <pos A="0.000786628" C="0.0205796" G="0.957918" T="0.0207153"/>
    </motif>
    <motif id="42-ATTGAGTTGCAAA" alt="STREME-42" width="13" initial_width="13" seed="ATTGAGTTGCAAA" score_threshold="14.1177" npassing="66" train_pos_count="61" train_neg_count="3" train_log_pvalue="-14.6664" train_pvalue="2.2e-015" train_dtc="-1.0" train_bernoulli="-1" test_pos_count="5" test_neg_count="0" test_log_pvalue="-1.5074" test_pvalue="3.1e-002" test_log_evalue="0.216877" test_evalue="1.6e+000" test_dtc="-1.0" test_bernoulli="-1" is_palindromic="no" elapsed_time="763.3" total_sites="61" site_distr=" 0 1 1 0 0 2 0 1 1 2 1 1 0 0 1 1 1 1 0 0 0 1 0 2 1 0 1 0 1 1 2 1 1 0 2 1 1 0 1 0 0 0 0 1 0 0 2 0 1 0 1 0 2 1 1 1 0 0 1 1 0 0 0 0 0 0 1 0 0 2 1 1 0 1 2 0 0 3 1 1 0 0 1 2 0 0 2 1" max_sites="1" site_hist=" 0 61">
      <pos A="0.998314" C="0.000525455" G="0.000525455" T="0.000635002"/>
      <pos A="0.0167223" C="0.000525455" G="0.000525455" T="0.982227"/>
      <pos A="0.000635002" C="0.000525455" G="0.000525455" T="0.998314"/>
      <pos A="0.193704" C="0.000525455" G="0.805135" T="0.000635002"/>
      <pos A="0.676542" C="0.000525455" G="0.000525455" T="0.322407"/>
      <pos A="0.11325" C="0.193579" G="0.692536" T="0.000635002"/>
      <pos A="0.081073" C="0.0970508" G="0.000525455" T="0.821351"/>
      <pos A="0.0167223" C="0.000525455" G="0.000525455" T="0.982227"/>
      <pos A="0.000635002" C="0.000525455" G="0.917768" T="0.0810717"/>
      <pos A="0.000635002" C="0.998205" G="0.000525455" T="0.000635002"/>
      <pos A="0.789173" C="0.0327001" G="0.000525455" T="0.177601"/>
      <pos A="0.917876" C="0.000525455" G="0.000525455" T="0.081073"/>
      <pos A="0.966139" C="0.000525455" G="0.0327001" T="0.000635002"/>
    </motif>
    <motif id="43-TAGCAATGATCARGC" alt="STREME-43" width="15" initial_width="12" seed="TAGCAATGATCAGGC" score_threshold="15.4212" npassing="49" train_pos_count="44" train_neg_count="0" train_log_pvalue="-13.269" train_pvalue="5.4e-014" train_dtc="-1.0" train_bernoulli="-1" test_pos_count="5" test_neg_count="0" test_log_pvalue="-1.5074" test_pvalue="3.1e-002" test_log_evalue="0.216877" test_evalue="1.6e+000" test_dtc="-1.0" test_bernoulli="-1" is_palindromic="no" elapsed_time="563.2" total_sites="44" site_distr=" 0 1 0 0 0 0 0 0 0 0 2 0 0 0 0 1 1 2 0 1 0 0 0 0 0 1 0 0 1 1 1 0 0 0 2 2 1 1 1 0 1 1 1 2 2 1 1 2 2 2 1 1 0 0 1 0 1 0 0 1 0 0 0 0 1 1 0 0 1 1 0 0 0 0 0 0 0 1 0 0 0 0 0 0 0 0" max_sites="1" site_hist=" 0 44">
      <pos A="0.00103456" C="0.000856085" G="0.000856085" T="0.997253"/>
      <pos A="0.997253" C="0.000856085" G="0.000856085" T="0.00103456"/>
      <pos A="0.00103456" C="0.000856085" G="0.997075" T="0.00103456"/>
      <pos A="0.00103456" C="0.997075" G="0.000856085" T="0.00103456"/>
      <pos A="0.997253" C="0.000856085" G="0.000856085" T="0.00103456"/>
      <pos A="0.997253" C="0.000856085" G="0.000856085" T="0.00103456"/>
      <pos A="0.210734" C="0.000856085" G="0.000856085" T="0.787554"/>
      <pos A="0.00103456" C="0.000856085" G="0.997075" T="0.00103456"/>
      <pos A="0.971043" C="0.000856085" G="0.027066" T="0.00103456"/>
      <pos A="0.00103456" C="0.0532781" G="0.000856085" T="0.944831"/>
      <pos A="0.00103456" C="0.997075" G="0.000856085" T="0.00103456"/>
      <pos A="0.971043" C="0.000856085" G="0.000856085" T="0.0272445"/>
      <pos A="0.656498" C="0.000856085" G="0.341611" T="0.00103456"/>
      <pos A="0.158303" C="0.000856085" G="0.813597" T="0.0272445"/>
      <pos A="0.00103456" C="0.918445" G="0.000856085" T="0.0796644"/>
    </motif>
    <motif id="44-AAGTAGCCCT" alt="STREME-44" width="10" initial_width="12" seed="AAGTAGCCCT" score_threshold="13.81" npassing="37" train_pos_count="32" train_neg_count="0" train_log_pvalue="-9.64534" train_pvalue="2.3e-010" train_dtc="-1.0" train_bernoulli="-1" test_pos_count="5" test_neg_count="0" test_log_pvalue="-1.5074" test_pvalue="3.1e-002" test_log_evalue="0.216877" test_evalue="1.6e+000" test_dtc="-1.0" test_bernoulli="-1" is_palindromic="no" elapsed_time="630.5" total_sites="32" site_distr=" 0 0 0 0 0 0 0 1 0 1 0 0 0 0 1 1 0 0 3 0 0 0 0 1 0 0 2 0 1 0 0 2 0 0 1 0 1 0 0 0 0 1 0 0 0 1 0 1 2 0 2 1 0 0 0 1 0 1 0 1 0 0 1 0 0 1 0 1 0 2 0 0 0 0 0 0 0 0 0 0 0 0 0 0 0 0 0 0 1 0 0" max_sites="1" site_hist=" 0 32">
      <pos A="0.933964" C="0.0205818" G="0.0205818" T="0.0248727"/>
      <pos A="0.933964" C="0.0205818" G="0.0205818" T="0.0248727"/>
      <pos A="0.0248727" C="0.0205818" G="0.929673" T="0.0248727"/>
      <pos A="0.0248727" C="0.0205818" G="0.0205818" T="0.933964"/>
      <pos A="0.933964" C="0.0205818" G="0.0205818" T="0.0248727"/>
      <pos A="0.0248727" C="0.0205818" G="0.929673" T="0.0248727"/>
      <pos A="0.0248727" C="0.929673" G="0.0205818" T="0.0248727"/>
      <pos A="0.0248727" C="0.929673" G="0.0205818" T="0.0248727"/>
      <pos A="0.0248727" C="0.929673" G="0.0205818" T="0.0248727"/>
      <pos A="0.0248727" C="0.0205818" G="0.0205818" T="0.933964"/>
    </motif>
    <motif id="45-CACCCTAGATA" alt="STREME-45" width="11" initial_width="11" seed="CACCCTAGATA" score_threshold="17.3126" npassing="35" train_pos_count="30" train_neg_count="0" train_log_pvalue="-9.04176" train_pvalue="9.1e-010" train_dtc="-1.0" train_bernoulli="-1" test_pos_count="5" test_neg_count="0" test_log_pvalue="-1.5074" test_pvalue="3.1e-002" test_log_evalue="0.216877" test_evalue="1.6e+000" test_dtc="-1.0" test_bernoulli="-1" is_palindromic="no" elapsed_time="788.7" total_sites="30" site_distr=" 0 0 0 1 0 0 0 1 0 0 0 1 0 1 0 0 0 0 0 0 0 1 0 1 0 0 0 0 5 1 0 0 0 3 2 0 0 0 0 0 0 0 1 0 0 0 1 0 0 0 1 1 0 1 0 0 0 0 0 0 1 0 0 0 0 0 0 0 0 2 1 1 1 0 0 2 0 0 0 0 0 0 0 0 0 0 0 0 0 0" max_sites="1" site_hist=" 0 30">
      <pos A="0.0248727" C="0.929673" G="0.0205818" T="0.0248727"/>
      <pos A="0.933964" C="0.0205818" G="0.0205818" T="0.0248727"/>
      <pos A="0.0248727" C="0.929673" G="0.0205818" T="0.0248727"/>
      <pos A="0.0248727" C="0.929673" G="0.0205818" T="0.0248727"/>
      <pos A="0.0248727" C="0.929673" G="0.0205818" T="0.0248727"/>
      <pos A="0.0248727" C="0.0205818" G="0.0205818" T="0.933964"/>
      <pos A="0.933964" C="0.0205818" G="0.0205818" T="0.0248727"/>
      <pos A="0.0248727" C="0.0205818" G="0.929673" T="0.0248727"/>
      <pos A="0.933964" C="0.0205818" G="0.0205818" T="0.0248727"/>
      <pos A="0.0248727" C="0.0205818" G="0.0205818" T="0.933964"/>
      <pos A="0.933964" C="0.0205818" G="0.0205818" T="0.0248727"/>
    </motif>
    <motif id="46-GATGGCCC" alt="STREME-46" width="8" initial_width="8" seed="GATGGCCC" score_threshold="13.3938" npassing="61" train_pos_count="56" train_neg_count="12" train_log_pvalue="-7.53191" train_pvalue="2.9e-008" train_dtc="-1.0" train_bernoulli="-1" test_pos_count="5" test_neg_count="0" test_log_pvalue="-1.5074" test_pvalue="3.1e-002" test_log_evalue="0.216877" test_evalue="1.6e+000" test_dtc="-1.0" test_bernoulli="-1" is_palindromic="no" elapsed_time="836.9" total_sites="56" site_distr=" 2 1 0 0 1 0 0 1 0 0 2 1 0 1 0 0 0 0 3 1 0 3 0 1 0 0 1 1 1 0 0 0 1 1 1 0 0 1 1 2 1 0 1 1 1 4 2 0 1 0 1 2 0 0 1 2 0 0 0 0 1 0 0 0 1 0 0 0 0 0 0 2 0 1 0 0 2 1 1 0 0 0 0 0 1 0 0 0 1 0 0 0 1" max_sites="1" site_hist=" 0 56">
      <pos A="0.00137604" C="0.00113865" G="0.996109" T="0.00137604"/>
      <pos A="0.996347" C="0.00113865" G="0.00113865" T="0.00137604"/>
      <pos A="0.00137604" C="0.0359998" G="0.00113865" T="0.961486"/>
      <pos A="0.307849" C="0.00113865" G="0.689636" T="0.00137604"/>
      <pos A="0.00137604" C="0.00113865" G="0.996109" T="0.00137604"/>
      <pos A="0.00137604" C="0.996109" G="0.00113865" T="0.00137604"/>
      <pos A="0.00137604" C="0.996109" G="0.00113865" T="0.00137604"/>
      <pos A="0.00137604" C="0.981642" G="0.0156064" T="0.00137604"/>
    </motif>
    <motif id="47-AGCTCTAAGTCTA" alt="STREME-47" width="13" initial_width="13" seed="AGCTCTAAGTCTA" score_threshold="13.9557" npassing="67" train_pos_count="58" train_neg_count="1" train_log_pvalue="-16.0225" train_pvalue="9.5e-017" train_dtc="-1.0" train_bernoulli="-1" test_pos_count="9" test_neg_count="2" test_log_pvalue="-1.49025" test_pvalue="3.2e-002" test_log_evalue="0.234023" test_evalue="1.7e+000" test_dtc="-1.0" test_bernoulli="-1" is_palindromic="no" elapsed_time="507.4" total_sites="58" site_distr=" 1 1 1 1 0 1 0 0 0 1 0 0 0 0 1 1 1 0 0 0 1 0 3 3 0 0 2 1 0 0 1 3 0 0 0 3 1 0 1 0 1 1 0 1 0 1 0 1 0 0 0 0 0 1 0 1 1 0 1 3 1 1 4 1 0 0 0 0 0 0 0 0 1 3 0 1 0 0 0 1 0 1 0 1 2 0 1 0" max_sites="1" site_hist=" 0 58">
      <pos A="0.933964" C="0.0205818" G="0.0205818" T="0.0248727"/>
      <pos A="0.0248727" C="0.0205818" G="0.929673" T="0.0248727"/>
      <pos A="0.0248727" C="0.929673" G="0.0205818" T="0.0248727"/>
      <pos A="0.0248727" C="0.0205818" G="0.0205818" T="0.933964"/>
      <pos A="0.0248727" C="0.929673" G="0.0205818" T="0.0248727"/>
      <pos A="0.0248727" C="0.0205818" G="0.0205818" T="0.933964"/>
      <pos A="0.933964" C="0.0205818" G="0.0205818" T="0.0248727"/>
      <pos A="0.933964" C="0.0205818" G="0.0205818" T="0.0248727"/>
      <pos A="0.0248727" C="0.0205818" G="0.929673" T="0.0248727"/>
      <pos A="0.0248727" C="0.0205818" G="0.0205818" T="0.933964"/>
      <pos A="0.0248727" C="0.929673" G="0.0205818" T="0.0248727"/>
      <pos A="0.0248727" C="0.0205818" G="0.0205818" T="0.933964"/>
      <pos A="0.933964" C="0.0205818" G="0.0205818" T="0.0248727"/>
    </motif>
    <motif id="48-ACAATGG" alt="STREME-48" width="7" initial_width="7" seed="ACAATGG" score_threshold="12.5921" npassing="139" train_pos_count="127" train_neg_count="53" train_log_pvalue="-7.83471" train_pvalue="1.5e-008" train_dtc="-1.0" train_bernoulli="-1" test_pos_count="12" test_neg_count="4" test_log_pvalue="-1.42246" test_pvalue="3.8e-002" test_log_evalue="0.301814" test_evalue="2.0e+000" test_dtc="-1.0" test_bernoulli="-1" is_palindromic="no" elapsed_time="667.6" total_sites="127" site_distr=" 8 1 4 0 1 1 1 0 1 2 2 0 1 2 1 2 1 1 2 2 2 0 0 0 1 1 1 1 2 1 0 0 5 3 3 1 2 2 1 3 2 1 1 0 1 1 1 0 3 0 1 2 0 2 1 1 1 2 1 0 2 2 0 1 3 1 1 1 1 0 2 2 2 0 0 1 0 1 2 0 4 2 1 1 1 1 0 2 1 1 0 2 1 3" max_sites="4" site_hist=" 0 125 0 1 1">
      <pos A="0.933964" C="0.0205818" G="0.0205818" T="0.0248727"/>
      <pos A="0.0248727" C="0.929673" G="0.0205818" T="0.0248727"/>
      <pos A="0.933964" C="0.0205818" G="0.0205818" T="0.0248727"/>
      <pos A="0.933964" C="0.0205818" G="0.0205818" T="0.0248727"/>
      <pos A="0.0248727" C="0.0205818" G="0.0205818" T="0.933964"/>
      <pos A="0.0248727" C="0.0205818" G="0.929673" T="0.0248727"/>
      <pos A="0.0248727" C="0.0205818" G="0.929673" T="0.0248727"/>
    </motif>
    <motif id="49-CATTTAC" alt="STREME-49" width="7" initial_width="7" seed="CATTTAC" score_threshold="12.7063" npassing="263" train_pos_count="232" train_neg_count="124" train_log_pvalue="-8.40754" train_pvalue="3.9e-009" train_dtc="-1.0" train_bernoulli="-1" test_pos_count="31" test_neg_count="18" test_log_pvalue="-1.38993" test_pvalue="4.1e-002" test_log_evalue="0.334345" test_evalue="2.2e+000" test_dtc="-1.0" test_bernoulli="-1" is_palindromic="no" elapsed_time="655.6" total_sites="232" site_distr=" 3 4 3 1 1 3 0 1 4 5 3 1 1 2 1 4 1 5 4 3 2 2 2 1 3 0 8 2 3 0 3 2 2 3 3 1 0 2 2 3 2 5 0 2 1 4 1 3 5 1 1 2 1 3 3 2 2 1 0 2 1 0 4 4 5 3 3 0 4 4 2 5 1 2 2 3 1 0 3 2 1 3 1 5 1 6 1 2 1 1 6 2 9 5" max_sites="2" site_hist=" 0 225 7">
      <pos A="0.00122046" C="0.671765" G="0.00100991" T="0.326004"/>
      <pos A="0.858601" C="0.00100991" G="0.139168" T="0.00122046"/>
      <pos A="0.00122046" C="0.00100991" G="0.00100991" T="0.99676"/>
      <pos A="0.00453746" C="0.00100991" G="0.00100991" T="0.993443"/>
      <pos A="0.00122046" C="0.00100991" G="0.00100991" T="0.99676"/>
      <pos A="0.99676" C="0.00100991" G="0.00100991" T="0.00122046"/>
      <pos A="0.00122046" C="0.996549" G="0.00100991" T="0.00122046"/>
    </motif>
    <motif id="50-AGGTGTGG" alt="STREME-50" width="8" initial_width="8" seed="AGGTGTGG" score_threshold="12.077" npassing="137" train_pos_count="121" train_neg_count="53" train_log_pvalue="-6.92778" train_pvalue="1.2e-007" train_dtc="-1.0" train_bernoulli="-1" test_pos_count="16" test_neg_count="7" test_log_pvalue="-1.341" test_pvalue="4.6e-002" test_log_evalue="0.383272" test_evalue="2.4e+000" test_dtc="-1.0" test_bernoulli="-1" is_palindromic="no" elapsed_time="691.6" total_sites="121" site_distr=" 5 2 5 0 1 0 2 2 4 1 0 1 1 2 0 1 0 0 2 5 1 0 1 2 1 1 2 0 1 5 3 0 1 1 1 0 0 0 0 1 1 0 1 1 2 0 1 0 0 0 2 1 1 3 0 2 1 0 1 2 1 1 1 1 0 2 3 1 5 1 0 2 1 2 2 3 1 2 2 0 0 3 2 0 1 2 0 0 2 2 1 0 2" max_sites="2" site_hist=" 0 120 1">
      <pos A="0.933964" C="0.0205818" G="0.0205818" T="0.0248727"/>
      <pos A="0.0248727" C="0.0205818" G="0.929673" T="0.0248727"/>
      <pos A="0.0248727" C="0.0205818" G="0.929673" T="0.0248727"/>
      <pos A="0.0248727" C="0.0205818" G="0.0205818" T="0.933964"/>
      <pos A="0.0248727" C="0.0205818" G="0.929673" T="0.0248727"/>
      <pos A="0.0248727" C="0.0205818" G="0.0205818" T="0.933964"/>
      <pos A="0.0248727" C="0.0205818" G="0.929673" T="0.0248727"/>
      <pos A="0.0248727" C="0.0205818" G="0.929673" T="0.0248727"/>
    </motif>
    <motif id="51-CACCACAGG" alt="STREME-51" width="9" initial_width="9" seed="CACCACAGG" score_threshold="15.4655" npassing="74" train_pos_count="69" train_neg_count="12" train_log_pvalue="-10.4941" train_pvalue="3.2e-011" train_dtc="-1.0" train_bernoulli="-1" test_pos_count="5" test_neg_count="2" test_log_pvalue="-0.645627" test_pvalue="2.3e-001" test_log_evalue="1.07865" test_evalue="1.2e+001" test_dtc="-1.0" test_bernoulli="-1" is_palindromic="no" elapsed_time="861.4" total_sites="69" site_distr=" 1 1 1 1 1 2 1 3 0 1 0 1 1 1 1 0 2 0 0 0 0 3 0 0 0 1 0 0 2 1 1 0 1 0 0 1 0 0 1 0 0 2 1 2 2 1 1 1 0 0 1 0 1 2 2 1 2 1 1 2 2 0 0 0 0 0 0 1 2 0 2 1 2 0 1 0 0 0 0 0 0 0 1 0 0 1 0 2 1 0 1 0" max_sites="3" site_hist=" 0 68 0 1">
      <pos A="0.000952231" C="0.997308" G="0.000787958" T="0.000952231"/>
      <pos A="0.839308" C="0.000787958" G="0.158952" T="0.000952231"/>
      <pos A="0.000952231" C="0.997308" G="0.000787958" T="0.000952231"/>
      <pos A="0.000952231" C="0.997308" G="0.000787958" T="0.000952231"/>
      <pos A="0.997472" C="0.000787958" G="0.000787958" T="0.000952231"/>
      <pos A="0.000952231" C="0.997308" G="0.000787958" T="0.000952231"/>
      <pos A="0.802201" C="0.0412724" G="0.155575" T="0.000952231"/>
      <pos A="0.000952231" C="0.05905" G="0.939046" T="0.000952231"/>
      <pos A="0.000952231" C="0.000787958" G="0.997308" T="0.000952231"/>
    </motif>
    <motif id="52-ACTCCCACCAC" alt="STREME-52" width="11" initial_width="10" seed="ACTCCCACCAG" score_threshold="12.6339" npassing="46" train_pos_count="44" train_neg_count="0" train_log_pvalue="-13.269" train_pvalue="5.4e-014" train_dtc="-1.0" train_bernoulli="-1" test_pos_count="2" test_neg_count="0" test_log_pvalue="-0.602284" test_pvalue="2.5e-001" test_log_evalue="1.12199" test_evalue="1.3e+001" test_dtc="-1.0" test_bernoulli="-1" is_palindromic="no" elapsed_time="750.4" total_sites="44" site_distr=" 0 0 1 0 0 2 3 0 0 0 0 0 0 0 1 0 0 0 0 0 0 0 2 1 0 0 0 1 1 0 0 0 1 0 0 0 0 0 0 3 0 1 1 1 1 0 1 0 0 0 0 0 0 0 0 1 0 0 1 0 0 1 0 1 2 1 0 0 0 0 1 1 0 1 0 1 0 1 1 0 3 1 0 0 0 0 0 1 1 4" max_sites="1" site_hist=" 0 44">
      <pos A="0.997516" C="0.00077411" G="0.00077411" T="0.000935496"/>
      <pos A="0.000935496" C="0.997355" G="0.00077411" T="0.000935496"/>
      <pos A="0.0483378" C="0.00077411" G="0.00077411" T="0.950114"/>
      <pos A="0.000935496" C="0.997355" G="0.00077411" T="0.000935496"/>
      <pos A="0.000935496" C="0.997355" G="0.00077411" T="0.000935496"/>
      <pos A="0.0246357" C="0.973655" G="0.00077411" T="0.000935496"/>
      <pos A="0.997516" C="0.00077411" G="0.00077411" T="0.000935496"/>
      <pos A="0.000935496" C="0.973655" G="0.00077411" T="0.0246357"/>
      <pos A="0.000935496" C="0.997355" G="0.00077411" T="0.000935496"/>
      <pos A="0.997516" C="0.00077411" G="0.00077411" T="0.000935496"/>
      <pos A="0.0483378" C="0.83145" G="0.119277" T="0.000935496"/>
    </motif>
    <motif id="53-AAGGGAAT" alt="STREME-53" width="8" initial_width="8" seed="AAGGGAAT" score_threshold="13.9603" npassing="163" train_pos_count="149" train_neg_count="51" train_log_pvalue="-12.024" train_pvalue="9.5e-013" train_dtc="-1.0" train_bernoulli="-1" test_pos_count="14" test_neg_count="10" test_log_pvalue="-0.569683" test_pvalue="2.7e-001" test_log_evalue="1.15459" test_evalue="1.4e+001" test_dtc="-1.0" test_bernoulli="-1" is_palindromic="no" elapsed_time="825.6" total_sites="149" site_distr=" 3 2 1 0 1 2 2 3 1 2 0 2 3 1 1 3 2 0 0 2 0 0 2 0 1 1 1 4 2 1 2 0 0 0 3 3 1 0 0 1 5 4 2 2 0 2 1 2 0 1 0 2 0 1 3 2 2 4 1 2 2 2 4 1 1 1 2 1 1 1 2 2 1 3 3 1 4 5 2 1 1 4 0 1 1 0 0 3 4 0 2 2 1" max_sites="2" site_hist=" 0 148 1">
      <pos A="0.933964" C="0.0205818" G="0.0205818" T="0.0248727"/>
      <pos A="0.933964" C="0.0205818" G="0.0205818" T="0.0248727"/>
      <pos A="0.0248727" C="0.0205818" G="0.929673" T="0.0248727"/>
      <pos A="0.0248727" C="0.0205818" G="0.929673" T="0.0248727"/>
      <pos A="0.0248727" C="0.0205818" G="0.929673" T="0.0248727"/>
      <pos A="0.933964" C="0.0205818" G="0.0205818" T="0.0248727"/>
      <pos A="0.933964" C="0.0205818" G="0.0205818" T="0.0248727"/>
      <pos A="0.0248727" C="0.0205818" G="0.0205818" T="0.933964"/>
    </motif>
  </motifs>
  <reason_for_stopping>Stopped because 3 consecutive motifs exceeded the p-value threshold (0.05).</reason_for_stopping>
  <run_time cpu="875.03"/>
</STREME>
