<?xml version="1.0" encoding="UTF-8" standalone="no"?>
<!-- Begin document body -->
<fimo version="5.5.5" release="Thu Sep 14 08:48:04 2023 +1000">
  xmlns:xsi="http://www.w3.org/2001/XMLSchema-instance"
  xsi:schemaLocation=  xmlns:fimo="http://noble.gs.washington.edu/schema/fimo"
>
<command-line>fimo --verbosity 1 --oc fimo_out_16 --bgfile ./background --motif 18-GTTTGGGTRAGACT streme_out/streme.xml ./Nanog_peaks.fa</command-line>
<settings>
<setting name="output directory">fimo_out_16</setting>
<setting name="MEME file name">streme_out/streme.xml</setting>
<setting name="sequence file name">./Nanog_peaks.fa</setting>
<setting name="background file name">./background</setting>
<setting name="allow clobber">true</setting>
<setting name="compute q-values">true</setting>
<setting name="parse genomic coord.">true</setting>
<setting name="text only">false</setting>
<setting name="scan both strands">true</setting>
<setting name="output threshold">0.0001</setting>
<setting name="threshold type">p-value</setting>
<setting name="max stored scores">100000</setting>
<setting name="pseudocount">0.1</setting>
<setting name="verbosity">1</setting>
<setting name="selected motif">18-GTTTGGGTRAGACT</setting>
</settings>
<sequence-data num-sequences="9682" num-residues="968200" />
<alphabet name="DNA" like="dna">
<letter id="A" symbol="A" complement="T" name="Adenine" colour="CC0000"/>
<letter id="C" symbol="C" complement="G" name="Cytosine" colour="0000CC"/>
<letter id="G" symbol="G" complement="C" name="Guanine" colour="FFB300"/>
<letter id="T" symbol="T" aliases="U" complement="A" name="Thymine" colour="008000"/>
<letter id="N" symbol="N" aliases="X." equals="ACGT" name="Any base"/>
<letter id="V" symbol="V" equals="ACG" name="Not T"/>
<letter id="H" symbol="H" equals="ACT" name="Not G"/>
<letter id="D" symbol="D" equals="AGT" name="Not C"/>
<letter id="B" symbol="B" equals="CGT" name="Not A"/>
<letter id="M" symbol="M" equals="AC" name="Amino"/>
<letter id="R" symbol="R" equals="AG" name="Purine"/>
<letter id="W" symbol="W" equals="AT" name="Weak"/>
<letter id="S" symbol="S" equals="CG" name="Strong"/>
<letter id="Y" symbol="Y" equals="CT" name="Pyrimidine"/>
<letter id="K" symbol="K" equals="GT" name="Keto"/>
</alphabet>
<motif name="1-ADAACAAWRGMV" alt="STREME-1" width="12" best-possible-match="AGAACAATAGAC"/>
<motif name="2-CWCAGCAGGT" alt="STREME-2" width="10" best-possible-match="CACAGCAGGT"/>
<motif name="3-ATTWGCATHW" alt="STREME-3" width="10" best-possible-match="ATTTGCATAT"/>
<motif name="4-AGCMATCA" alt="STREME-4" width="8" best-possible-match="AGCCATCA"/>
<motif name="5-GCAGTGTCTTGGAGA" alt="STREME-5" width="15" best-possible-match="GCAGTGTCTTGGAGA"/>
<motif name="6-GAGCCTTCCKACCT" alt="STREME-6" width="14" best-possible-match="GAGCCTTCCGACCT"/>
<motif name="7-CATTYRAATG" alt="STREME-7" width="10" best-possible-match="CATTTAAATG"/>
<motif name="8-KCAAGGTCA" alt="STREME-8" width="9" best-possible-match="TCAAGGTCA"/>
<motif name="9-GCAGACTAGCCCTGA" alt="STREME-9" width="15" best-possible-match="GCAGACTAGCCCTGA"/>
<motif name="10-AGCAGYRGCAGKTG" alt="STREME-10" width="14" best-possible-match="AGCAGTGGCAGGTG"/>
<motif name="11-CCMCACCC" alt="STREME-11" width="8" best-possible-match="CCCCACCC"/>
<motif name="12-ACTAATTARGC" alt="STREME-12" width="11" best-possible-match="ACTAATTAGGC"/>
<motif name="13-ACCTATTCASTA" alt="STREME-13" width="12" best-possible-match="ACCTATTCACTA"/>
<motif name="14-CAGGTACTCYATTC" alt="STREME-14" width="14" best-possible-match="CAGGTACTCCATTC"/>
<motif name="15-AGAGCTAGAAWAGC" alt="STREME-15" width="14" best-possible-match="AGAGCTAGAATAGC"/>
<motif name="16-ATCTCCTTAGTGGC" alt="STREME-16" width="14" best-possible-match="ATCTCCTTAGTGGC"/>
<motif name="17-AGCACTTRG" alt="STREME-17" width="9" best-possible-match="AGCACTTAG"/>
<motif name="18-GTTTGGGTRAGACT" alt="STREME-18" width="14" best-possible-match="GTTTGGGTGAGACT"/>
<motif name="19-GTAWTTA" alt="STREME-19" width="7" best-possible-match="GTAATTA"/>
<motif name="20-CCACTGAGWAKGAGA" alt="STREME-20" width="15" best-possible-match="CCACTGAGAATGAGA"/>
<motif name="21-AGAGTGTTTACT" alt="STREME-21" width="12" best-possible-match="AGAGTGTTTACT"/>
<motif name="22-CATGCTGGG" alt="STREME-22" width="9" best-possible-match="CATGCTGGG"/>
<motif name="23-ACTTCCT" alt="STREME-23" width="7" best-possible-match="ACTTCCT"/>
<motif name="24-CTCATTCAAA" alt="STREME-24" width="10" best-possible-match="CTCATTCAAA"/>
<motif name="25-AGACAAGGAAAGT" alt="STREME-25" width="13" best-possible-match="AGACAAGGAAAGT"/>
<motif name="26-CATCCACCAA" alt="STREME-26" width="10" best-possible-match="CATCCACCAA"/>
<motif name="27-TATTCA" alt="STREME-27" width="6" best-possible-match="TATTCA"/>
<motif name="28-ACAAAG" alt="STREME-28" width="6" best-possible-match="ACAAAG"/>
<motif name="29-AGATGG" alt="STREME-29" width="6" best-possible-match="AGATGG"/>
<motif name="30-GACTTCCCCAAA" alt="STREME-30" width="12" best-possible-match="GACTTCCCCAAA"/>
<motif name="31-AGCACAACTACAGG" alt="STREME-31" width="14" best-possible-match="AGCACAACTACAGG"/>
<motif name="32-AAGTCTGRATCAGCC" alt="STREME-32" width="15" best-possible-match="AAGTCTGAATCAGCC"/>
<motif name="33-CTACTGTCCTA" alt="STREME-33" width="11" best-possible-match="CTACTGTCCTA"/>
<motif name="34-GTCTCTGGAATAKCT" alt="STREME-34" width="15" best-possible-match="GTCTCTGGAATATCT"/>
<motif name="35-AAAAGGGTCT" alt="STREME-35" width="10" best-possible-match="AAAAGGGTCT"/>
<motif name="36-AGAGACAGTGAA" alt="STREME-36" width="12" best-possible-match="AGAGACAGTGAA"/>
<motif name="37-CTCAAAGCCASCTCC" alt="STREME-37" width="15" best-possible-match="CTCAAAGCCACCTCC"/>
<motif name="38-CTGGCCTC" alt="STREME-38" width="8" best-possible-match="CTGGCCTC"/>
<motif name="39-ATGCAAA" alt="STREME-39" width="7" best-possible-match="ATGCAAA"/>
<motif name="40-AGGAAATGGSY" alt="STREME-40" width="11" best-possible-match="AGGAAATGGCC"/>
<motif name="41-CATGAAAGAGTTAG" alt="STREME-41" width="14" best-possible-match="CATGAAAGAGTTAG"/>
<motif name="42-ATTGAGTTGCAAA" alt="STREME-42" width="13" best-possible-match="ATTGAGTTGCAAA"/>
<motif name="43-TAGCAATGATCARGC" alt="STREME-43" width="15" best-possible-match="TAGCAATGATCAAGC"/>
<motif name="44-AAGTAGCCCT" alt="STREME-44" width="10" best-possible-match="AAGTAGCCCT"/>
<motif name="45-CACCCTAGATA" alt="STREME-45" width="11" best-possible-match="CACCCTAGATA"/>
<motif name="46-GATGGCCC" alt="STREME-46" width="8" best-possible-match="GATGGCCC"/>
<motif name="47-AGCTCTAAGTCTA" alt="STREME-47" width="13" best-possible-match="AGCTCTAAGTCTA"/>
<motif name="48-ACAATGG" alt="STREME-48" width="7" best-possible-match="ACAATGG"/>
<motif name="49-CATTTAC" alt="STREME-49" width="7" best-possible-match="CATTTAC"/>
<motif name="50-AGGTGTGG" alt="STREME-50" width="8" best-possible-match="AGGTGTGG"/>
<motif name="51-CACCACAGG" alt="STREME-51" width="9" best-possible-match="CACCACAGG"/>
<motif name="52-ACTCCCACCAC" alt="STREME-52" width="11" best-possible-match="ACTCCCACCAC"/>
<motif name="53-AAGGGAAT" alt="STREME-53" width="8" best-possible-match="AAGGGAAT"/>
<background source="./background">
<value letter="A">0.274</value>
<value letter="C">0.226</value>
<value letter="G">0.226</value>
<value letter="T">0.274</value>
</background>
<cisml-file>cisml.xml</cisml-file>
</fimo>
