<?xml version='1.0' encoding='UTF-8' standalone='yes'?>
<tomtom version="5.5.5" release="Thu Sep 14 08:48:04 2023 +1000">
  <model>
    <command_line>tomtom -verbosity 1 -oc meme_tomtom_out -min-overlap 5 -dist pearson -evalue -thresh 1 -no-ssc meme_out/meme.xml db/motif_databases/MOUSE/uniprobe_mouse.meme db/motif_databases/JASPAR/JASPAR2022_CORE_vertebrates_non-redundant_v2.meme db/motif_databases/EUKARYOTE/jolma2013.meme</command_line>
    <distance_measure value="pearson"/>
    <threshold type="evalue">1</threshold>
    <alphabet name="DNA" like="dna">
      <letter id="A" symbol="A" complement="T" name="Adenine" colour="CC0000"/>
      <letter id="C" symbol="C" complement="G" name="Cytosine" colour="0000CC"/>
      <letter id="G" symbol="G" complement="C" name="Guanine" colour="FFB300"/>
      <letter id="T" symbol="T" aliases="U" complement="A" name="Thymine" colour="008000"/>
      <letter id="N" symbol="N" aliases="X." equals="ACGT" name="Any base"/>
      <letter id="V" symbol="V" equals="ACG" name="Not T"/>
      <letter id="H" symbol="H" equals="ACT" name="Not G"/>
      <letter id="D" symbol="D" equals="AGT" name="Not C"/>
      <letter id="B" symbol="B" equals="CGT" name="Not A"/>
      <letter id="M" symbol="M" equals="AC" name="Amino"/>
      <letter id="R" symbol="R" equals="AG" name="Purine"/>
      <letter id="W" symbol="W" equals="AT" name="Weak"/>
      <letter id="S" symbol="S" equals="CG" name="Strong"/>
      <letter id="Y" symbol="Y" equals="CT" name="Pyrimidine"/>
      <letter id="K" symbol="K" equals="GT" name="Keto"/>
    </alphabet>
    <strands>both</strands>
    <background from="--query--" A="0.274" C="0.226" G="0.226" T="0.274"/>
    <host>noble-meme.grid.gs.washington.edu</host>
    <when>Fri Mar  1 12:54:51 2024</when>
  </model>
  <query_dbs>
    <db source="meme_out/meme.xml" name="meme.xml" loaded="3" excluded="0" last_mod_date="Fri Mar  1 12:38:55 2024"/>
  </query_dbs>
  <target_dbs>
    <db source="db/motif_databases/MOUSE/uniprobe_mouse.meme" name="uniprobe_mouse" loaded="386" excluded="0" last_mod_date="Tue Jan  9 16:02:18 2024"/>
    <db source="db/motif_databases/JASPAR/JASPAR2022_CORE_vertebrates_non-redundant_v2.meme" name="JASPAR2022_CORE_vertebrates_non-redundant_v2" loaded="841" excluded="0" last_mod_date="Tue Jan  9 16:00:00 2024"/>
    <db source="db/motif_databases/EUKARYOTE/jolma2013.meme" name="jolma2013" loaded="843" excluded="0" last_mod_date="Tue Jan  9 15:59:57 2024"/>
  </target_dbs>
  <queries>
    <motif db="0" id="CTCHCAGCAGG" alt="MEME-3" length="11" nsites="1245" evalue="7.5e-103">
      <pos A="0.219281" C="0.467451" G="0.130128" T="0.18314"/>
      <pos A="0.159045" C="0.104428" G="0.183939" T="0.552588"/>
      <pos A="2.20063e-05" C="0.976647" G="0.0233093" T="2.20063e-05"/>
      <pos A="0.379911" C="0.20964" G="0.0209005" T="0.389549"/>
      <pos A="2.20063e-05" C="0.999938" G="1.81512e-05" T="2.20063e-05"/>
      <pos A="0.913202" C="0.0209005" G="1.81512e-05" T="0.0658797"/>
      <pos A="0.012069" C="1.81512e-05" G="0.987891" T="2.20063e-05"/>
      <pos A="2.20063e-05" C="0.923639" G="0.00724657" T="0.0690925"/>
      <pos A="0.83128" C="1.81512e-05" G="0.100412" T="0.0682895"/>
      <pos A="2.20063e-05" C="0.0056397" G="0.918016" T="0.0763209"/>
      <pos A="0.00644749" C="0.0056397" G="0.987891" T="2.20063e-05"/>
    </motif>
    <motif db="0" id="TCYWTTGTTMTGYHA" alt="MEME-1" length="15" nsites="3541" evalue="7.4e-221">
      <pos A="0.0480154" C="0.122567" G="0.187519" T="0.641899"/>
      <pos A="0.0663709" C="0.569038" G="0.121438" T="0.243153"/>
      <pos A="0.0141273" C="0.462857" G="0.0296585" T="0.493357"/>
      <pos A="0.521315" C="0.0234457" G="0.00876113" T="0.446479"/>
      <pos A="7.73771e-06" C="6.3822e-06" G="0.000853358" T="0.999133"/>
      <pos A="0.00593857" C="6.3822e-06" G="6.3822e-06" T="0.994049"/>
      <pos A="0.0370017" C="0.141487" G="0.789027" T="0.0324838"/>
      <pos A="0.0824684" C="0.013561" G="6.3822e-06" T="0.903964"/>
      <pos A="0.204182" C="0.194579" G="0.0886799" T="0.51256"/>
      <pos A="0.472459" C="0.282969" G="0.0336114" T="0.210959"/>
      <pos A="0.119744" C="0.0104551" G="0.000853358" T="0.868947"/>
      <pos A="0.0361547" C="0.0528149" G="0.675785" T="0.235245"/>
      <pos A="0.0482974" C="0.52442" G="0.083879" T="0.343404"/>
      <pos A="0.295961" C="0.359781" G="0.0539449" T="0.290313"/>
      <pos A="0.585136" C="0.0570508" G="0.083314" T="0.274499"/>
    </motif>
    <motif db="0" id="TRGGGTGGAGCCTTC" alt="MEME-2" length="15" nsites="409" evalue="2.2e-167">
      <pos A="6.69763e-05" C="5.52432e-05" G="0.00738845" T="0.992489"/>
      <pos A="0.606276" C="0.00249965" G="0.388713" T="0.00251138"/>
      <pos A="0.0831767" C="0.00249965" G="0.914257" T="6.69763e-05"/>
      <pos A="0.0171778" C="5.52432e-05" G="0.9827" T="6.69763e-05"/>
      <pos A="0.0171778" C="5.52432e-05" G="0.975367" T="0.00740018"/>
      <pos A="6.69763e-05" C="0.00249965" G="5.52432e-05" T="0.997378"/>
      <pos A="0.0196222" C="0.00494405" G="0.975367" T="6.69763e-05"/>
      <pos A="6.69763e-05" C="5.52432e-05" G="0.828704" T="0.171174"/>
      <pos A="0.987601" C="0.00249965" G="0.00983285" T="6.69763e-05"/>
      <pos A="0.048955" C="5.52432e-05" G="0.941145" T="0.00984459"/>
      <pos A="6.69763e-05" C="0.860481" G="5.52432e-05" T="0.139397"/>
      <pos A="6.69763e-05" C="0.970478" G="0.00494405" T="0.024511"/>
      <pos A="0.00984459" C="0.00983285" G="5.52432e-05" T="0.980267"/>
      <pos A="6.69763e-05" C="0.0513877" G="0.0513877" T="0.897159"/>
      <pos A="6.69763e-05" C="0.938701" G="5.52432e-05" T="0.061177"/>
    </motif>
  </queries>
  <targets>
    <motif db="0" id="UP00006_2" alt="Zic3_secondary" length="15" nsites="20"
        url="http://thebrain.bwh.harvard.edu/uniprobe/details2.php?id=00006">
      <pos A="0.225778" C="0.223472" G="0.280236" T="0.270515"/>
      <pos A="0.332105" C="0.18203" G="0.207383" T="0.278483"/>
      <pos A="0.309695" C="0.0189572" G="0.385338" T="0.28601"/>
      <pos A="0.102803" C="0.868395" G="0.0212905" T="0.00751144"/>
      <pos A="0.540036" C="0.0897811" G="0.24209" T="0.128094"/>
      <pos A="0.00465373" C="0.966296" G="0.00352637" T="0.0255254"/>
      <pos A="0.900155" C="0.022607" G="0.0169174" T="0.0603214"/>
      <pos A="0.0410517" C="0.010808" G="0.941505" T="0.00663483"/>
      <pos A="0.00305871" C="0.824218" G="0.00736915" T="0.165353"/>
      <pos A="0.720818" C="0.00421095" G="0.221076" T="0.0538955"/>
      <pos A="0.0130627" C="0.025401" G="0.558968" T="0.402568"/>
      <pos A="0.00500099" C="0.0140119" G="0.936036" T="0.0449522"/>
      <pos A="0.476832" C="0.270178" G="0.113675" T="0.139315"/>
      <pos A="0.225946" C="0.298144" G="0.258361" T="0.217548"/>
      <pos A="0.364797" C="0.19195" G="0.197553" T="0.245699"/>
    </motif>
    <motif db="0" id="UP00034_1" alt="Sox7_primary" length="22" nsites="20"
        url="http://thebrain.bwh.harvard.edu/uniprobe/details2.php?id=00034">
      <pos A="0.360564" C="0.299902" G="0.116104" T="0.22343"/>
      <pos A="0.309571" C="0.228417" G="0.16653" T="0.295482"/>
      <pos A="0.150039" C="0.177112" G="0.240085" T="0.432764"/>
      <pos A="0.379178" C="0.0964388" G="0.276122" T="0.248262"/>
      <pos A="0.393949" C="0.174442" G="0.131115" T="0.300494"/>
      <pos A="0.442904" C="0.0715483" G="0.211155" T="0.274391"/>
      <pos A="0.363852" C="0.0751104" G="0.369688" T="0.191349"/>
      <pos A="0.789399" C="0.039408" G="0.0940498" T="0.0771433"/>
      <pos A="0.96029" C="0.00294129" G="0.00356816" T="0.033201"/>
      <pos A="0.00585672" C="0.950971" G="0.00917612" T="0.033996"/>
      <pos A="0.977562" C="0.00317612" G="0.00327463" T="0.0159871"/>
      <pos A="0.982642" C="0.00296119" G="0.00806567" T="0.00633035"/>
      <pos A="0.0606338" C="0.00475522" G="0.00330249" T="0.931308"/>
      <pos A="0.494227" C="0.0252607" G="0.240378" T="0.240134"/>
      <pos A="0.304873" C="0.0955303" G="0.524576" T="0.0750199"/>
      <pos A="0.417723" C="0.196385" G="0.15866" T="0.227232"/>
      <pos A="0.336401" C="0.22048" G="0.191328" T="0.251791"/>
      <pos A="0.192702" C="0.299972" G="0.16933" T="0.337995"/>
      <pos A="0.240554" C="0.145039" G="0.128998" T="0.485408"/>
      <pos A="0.29068" C="0.271034" G="0.117144" T="0.321141"/>
      <pos A="0.22507" C="0.295884" G="0.229239" T="0.249808"/>
      <pos A="0.492149" C="0.171557" G="0.0758985" T="0.260394"/>
    </motif>
    <motif db="0" id="UP00051_1" alt="Sox8_primary" length="17" nsites="20"
        url="http://thebrain.bwh.harvard.edu/uniprobe/details2.php?id=00051">
      <pos A="0.245097" C="0.1978" G="0.277755" T="0.279347"/>
      <pos A="0.244581" C="0.136454" G="0.278185" T="0.34078"/>
      <pos A="0.510841" C="0.130432" G="0.139501" T="0.219225"/>
      <pos A="0.190419" C="0.0869274" G="0.126" T="0.596654"/>
      <pos A="0.155286" C="0.325363" G="0.194064" T="0.325288"/>
      <pos A="0.384074" C="0.131015" G="0.0360597" T="0.448852"/>
      <pos A="0.941683" C="0.00780398" G="0.0130398" T="0.0374736"/>
      <pos A="0.00970746" C="0.0276219" G="0.00526965" T="0.9574"/>
      <pos A="0.0221672" C="0.00665075" G="0.0103721" T="0.96081"/>
      <pos A="0.149905" C="0.0399254" G="0.803199" T="0.00697015"/>
      <pos A="0.111801" C="0.00824378" G="0.00888259" T="0.871073"/>
      <pos A="0.0882119" C="0.1003" G="0.0604388" T="0.75105"/>
      <pos A="0.250778" C="0.431548" G="0.0828677" T="0.234806"/>
      <pos A="0.25139" C="0.174834" G="0.14816" T="0.425616"/>
      <pos A="0.205464" C="0.138096" G="0.296016" T="0.360425"/>
      <pos A="0.316583" C="0.152823" G="0.164709" T="0.365885"/>
      <pos A="0.47486" C="0.129201" G="0.153911" T="0.242027"/>
    </motif>
    <motif db="0" id="UP00057_2" alt="Zic2_secondary" length="15" nsites="20"
        url="http://thebrain.bwh.harvard.edu/uniprobe/details2.php?id=00057">
      <pos A="0.201883" C="0.336294" G="0.18395" T="0.277873"/>
      <pos A="0.238881" C="0.353739" G="0.165634" T="0.241746"/>
      <pos A="0.350476" C="0.032395" G="0.308072" T="0.309058"/>
      <pos A="0.105267" C="0.867586" G="0.0197075" T="0.0074398"/>
      <pos A="0.313051" C="0.259775" G="0.277313" T="0.149862"/>
      <pos A="0.00493532" C="0.969659" G="0.00363184" T="0.0217741"/>
      <pos A="0.896603" C="0.0264866" G="0.0165055" T="0.060404"/>
      <pos A="0.0503423" C="0.00750746" G="0.934671" T="0.0074796"/>
      <pos A="0.00337413" C="0.856479" G="0.00898806" T="0.131159"/>
      <pos A="0.770336" C="0.00377015" G="0.187526" T="0.0383682"/>
      <pos A="0.00977711" C="0.0162189" G="0.592861" T="0.381143"/>
      <pos A="0.0054607" C="0.0102667" G="0.957847" T="0.0264259"/>
      <pos A="0.366688" C="0.23093" G="0.204582" T="0.1978"/>
      <pos A="0.26754" C="0.193821" G="0.429055" T="0.109584"/>
      <pos A="0.443601" C="0.0997582" G="0.212251" T="0.244389"/>
    </motif>
    <motif db="0" id="UP00102_2" alt="Zic1_secondary" length="15" nsites="20"
        url="http://thebrain.bwh.harvard.edu/uniprobe/details2.php?id=00102">
      <pos A="0.162242" C="0.404223" G="0.172013" T="0.261522"/>
      <pos A="0.25955" C="0.357331" G="0.147187" T="0.235931"/>
      <pos A="0.37085" C="0.0274318" G="0.283311" T="0.318408"/>
      <pos A="0.0931333" C="0.880118" G="0.0197891" T="0.00695821"/>
      <pos A="0.418867" C="0.170153" G="0.25313" T="0.157851"/>
      <pos A="0.00433333" C="0.972642" G="0.00383284" T="0.019192"/>
      <pos A="0.90622" C="0.0223751" G="0.0143572" T="0.0570478"/>
      <pos A="0.0405851" C="0.00810348" G="0.944708" T="0.00660298"/>
      <pos A="0.00306567" C="0.84281" G="0.00685174" T="0.147274"/>
      <pos A="0.801156" C="0.00415821" G="0.149072" T="0.0456139"/>
      <pos A="0.016601" C="0.018192" G="0.677979" T="0.287228"/>
      <pos A="0.00513731" C="0.0124816" G="0.933864" T="0.0485174"/>
      <pos A="0.43113" C="0.266091" G="0.144561" T="0.158217"/>
      <pos A="0.269354" C="0.239272" G="0.366116" T="0.125257"/>
      <pos A="0.395267" C="0.104587" G="0.214852" T="0.285295"/>
    </motif>
    <motif db="1" id="MA0077.1" alt="SOX9" length="9" nsites="76"
        url="http://jaspar2022.genereg.net/matrix/MA0077.1">
      <pos A="0.0397822" C="0.72303" G="0.118562" T="0.118625"/>
      <pos A="0.105485" C="0.49964" G="0.0791402" T="0.315734"/>
      <pos A="0.933343" C="0.0134377" G="0.000296978" T="0.0529229"/>
      <pos A="0.0266415" C="0.0134377" G="0.0265784" T="0.933343"/>
      <pos A="0.092344" C="0.000296978" G="0.0528598" T="0.854499"/>
      <pos A="0.0266415" C="0.0265784" G="0.94642" T="0.000360052"/>
      <pos A="0.171188" C="0.000296978" G="0.0528598" T="0.775656"/>
      <pos A="0.118625" C="0.0922809" G="0.0791402" T="0.709952"/>
      <pos A="0.184329" C="0.407656" G="0.0922809" T="0.315734"/>
    </motif>
    <motif db="1" id="MA0078.2" alt="Sox17" length="14" nsites="12287"
        url="http://jaspar2022.genereg.net/matrix/MA0078.2">
      <pos A="0.27818" C="0.214292" G="0.272564" T="0.234964"/>
      <pos A="0.282412" C="0.274274" G="0.253601" T="0.189714"/>
      <pos A="0.637744" C="0.0778882" G="0.153741" T="0.130627"/>
      <pos A="0.221372" C="0.0720283" G="0.540243" T="0.166356"/>
      <pos A="0.708713" C="0.0904221" G="0.127046" T="0.0738196"/>
      <pos A="0.961824" C="0.0100938" G="0.0132677" T="0.0148141"/>
      <pos A="0.0220581" C="0.914863" G="0.0398815" T="0.023197"/>
      <pos A="0.968986" C="0.0113957" G="0.00854777" T="0.0110711"/>
      <pos A="0.946849" C="0.0209997" G="0.0228717" T="0.00928015"/>
      <pos A="0.0817956" C="0.0112327" G="0.0153837" T="0.891588"/>
      <pos A="0.107757" C="0.0204297" G="0.833478" T="0.0383349"/>
      <pos A="0.0996184" C="0.0823642" G="0.747209" T="0.0708087"/>
      <pos A="0.299748" C="0.274518" G="0.246114" T="0.179622"/>
      <pos A="0.273297" C="0.258485" G="0.224302" T="0.243916"/>
    </motif>
    <motif db="1" id="MA0142.1" alt="Pou5f1::Sox2" length="15" nsites="1364"
        url="http://jaspar2022.genereg.net/matrix/MA0142.1">
      <pos A="0.0462047" C="0.620206" G="0.0484" T="0.28519"/>
      <pos A="0.423854" C="0.0424735" G="0.0205131" T="0.513159"/>
      <pos A="0.0080665" C="0.0365899" G="0.0263496" T="0.928994"/>
      <pos A="0.0343496" C="0.00878193" G="0.0577183" T="0.89915"/>
      <pos A="0.0862078" C="0.265154" G="0.602602" T="0.0460357"/>
      <pos A="0.303139" C="0.0131636" G="0.021198" T="0.662499"/>
      <pos A="0.150484" C="0.266615" G="0.135873" T="0.447029"/>
      <pos A="0.902072" C="0.021929" G="0.0175463" T="0.0584528"/>
      <pos A="0.0124372" C="0.0036683" G="0.0109728" T="0.972922"/>
      <pos A="0.00732455" C="0.0117027" G="0.90499" T="0.0759825"/>
      <pos A="0.0102533" C="0.752154" G="0.0943077" T="0.143285"/>
      <pos A="0.769195" C="0.0117377" G="0.021993" T="0.197076"/>
      <pos A="0.65122" C="0.0499399" G="0.231278" T="0.0675631"/>
      <pos A="0.88166" C="0.0242618" G="0.0551195" T="0.0389592"/>
      <pos A="0.14549" C="0.0874462" G="0.152099" T="0.614964"/>
    </motif>
    <motif db="1" id="MA0143.4" alt="SOX2" length="11" nsites="85754"
        url="http://jaspar2022.genereg.net/matrix/MA0143.4">
      <pos A="0.339401" C="0.128752" G="0.249948" T="0.281899"/>
      <pos A="0.353091" C="0.176715" G="0.200072" T="0.270122"/>
      <pos A="0.973889" C="0.00508426" G="0.00487426" T="0.0161513"/>
      <pos A="0.0152413" C="0.913729" G="0.0144952" T="0.0565343"/>
      <pos A="0.951407" C="0.0140522" G="0.00641426" T="0.0281273"/>
      <pos A="0.942521" C="0.0203142" G="0.0233462" T="0.0138193"/>
      <pos A="0.0561493" C="0.00853625" G="0.0108453" T="0.924469"/>
      <pos A="0.11575" C="0.00932925" G="0.855609" T="0.0193113"/>
      <pos A="0.17226" C="0.0730462" G="0.634536" T="0.120158"/>
      <pos A="0.336544" C="0.200084" G="0.207162" T="0.25621"/>
      <pos A="0.33771" C="0.203781" G="0.186557" T="0.271952"/>
    </motif>
    <motif db="1" id="MA0442.2" alt="SOX10" length="11" nsites="2055"
        url="http://jaspar2022.genereg.net/matrix/MA0442.2">
      <pos A="0.332357" C="0.193189" G="0.256447" T="0.218008"/>
      <pos A="0.351821" C="0.137717" G="0.277856" T="0.232605"/>
      <pos A="0.544026" C="0.181024" G="0.154261" T="0.120688"/>
      <pos A="0.984393" C="0.0019569" G="0.00147093" T="0.0121777"/>
      <pos A="0.00147326" C="0.967847" G="0.00536374" T="0.0253161"/>
      <pos A="0.987313" C="0.00341683" G="0.00341683" T="0.00585205"/>
      <pos A="0.957631" C="0.0136353" G="0.00974252" T="0.0189904"/>
      <pos A="0.953252" C="0.0112025" G="0.00584971" T="0.0296959"/>
      <pos A="0.0048791" C="0.00633669" G="0.979038" T="0.00974486"/>
      <pos A="0.324086" C="0.268611" G="0.301213" T="0.106091"/>
      <pos A="0.31046" C="0.270071" G="0.245741" T="0.173728"/>
    </motif>
    <motif db="1" id="MA0514.2" alt="Sox3" length="11" nsites="11978"
        url="http://jaspar2022.genereg.net/matrix/MA0514.2">
      <pos A="0.312657" C="0.153115" G="0.290365" T="0.243864"/>
      <pos A="0.341625" C="0.231842" G="0.246285" T="0.180248"/>
      <pos A="0.981877" C="0.00434285" G="0.00634683" T="0.00743223"/>
      <pos A="0.0125252" C="0.92878" G="0.0148628" T="0.0438319"/>
      <pos A="0.942054" C="0.0260497" G="0.00776582" T="0.0241301"/>
      <pos A="0.970356" C="0.0119408" G="0.0119408" T="0.00576324"/>
      <pos A="0.0478399" C="0.0125248" G="0.00868481" T="0.930952"/>
      <pos A="0.134998" C="0.0111058" G="0.838282" T="0.0156142"/>
      <pos A="0.146854" C="0.132076" G="0.639837" T="0.0812336"/>
      <pos A="0.287444" C="0.284438" G="0.243363" T="0.184756"/>
      <pos A="0.288445" C="0.241025" G="0.242945" T="0.227584"/>
    </motif>
    <motif db="1" id="MA0515.1" alt="Sox6" length="10" nsites="249"
        url="http://jaspar2022.genereg.net/matrix/MA0515.1">
      <pos A="0.0161675" C="0.5581" G="0.200813" T="0.22492"/>
      <pos A="0.000109996" C="0.887284" G="9.07267e-05" T="0.112515"/>
      <pos A="0.646436" C="9.07267e-05" G="9.07267e-05" T="0.353382"/>
      <pos A="0.000109996" C="9.07267e-05" G="9.07267e-05" T="0.999709"/>
      <pos A="0.000109996" C="9.07267e-05" G="9.07267e-05" T="0.999709"/>
      <pos A="0.000109996" C="9.07267e-05" G="0.999689" T="0.000109996"/>
      <pos A="0.000109996" C="9.07267e-05" G="9.07267e-05" T="0.999709"/>
      <pos A="0.000109996" C="0.461752" G="0.0201627" T="0.517974"/>
      <pos A="0.0161675" C="0.449709" G="9.07267e-05" T="0.534033"/>
      <pos A="0.0563124" C="0.305189" G="0.124539" T="0.51396"/>
    </motif>
    <motif db="1" id="MA0599.1" alt="KLF5" length="10" nsites="13611"
        url="http://jaspar2022.genereg.net/matrix/MA0599.1">
      <pos A="0.10499" C="0.148631" G="0.556313" T="0.190068"/>
      <pos A="2.01306e-06" C="0.874288" G="1.66041e-06" T="0.125708"/>
      <pos A="2.01306e-06" C="0.882223" G="1.66041e-06" T="0.117773"/>
      <pos A="0.255455" C="0.70303" G="1.66041e-06" T="0.0415127"/>
      <pos A="2.01306e-06" C="0.999994" G="1.66041e-06" T="2.01306e-06"/>
      <pos A="0.371096" C="1.66041e-06" G="0.38072" T="0.248182"/>
      <pos A="2.01306e-06" C="0.999994" G="1.66041e-06" T="2.01306e-06"/>
      <pos A="2.01306e-06" C="0.999994" G="1.66041e-06" T="2.01306e-06"/>
      <pos A="2.01306e-06" C="0.965023" G="1.66041e-06" T="0.0349738"/>
      <pos A="0.287635" C="0.411064" G="1.66041e-06" T="0.3013"/>
    </motif>
    <motif db="1" id="MA0697.2" alt="Zic3" length="13" nsites="26174"
        url="http://jaspar2022.genereg.net/matrix/MA0697.2">
      <pos A="0.204554" C="0.501145" G="0.196913" T="0.0973877"/>
      <pos A="0.324291" C="0.249064" G="0.226752" T="0.199893"/>
      <pos A="0.013182" C="0.956481" G="0.0175758" T="0.012762"/>
      <pos A="0.914914" C="0.0333167" G="0.0289988" T="0.022772"/>
      <pos A="0.012647" C="0.0255988" G="0.95159" T="0.010164"/>
      <pos A="0.013526" C="0.927329" G="0.0288848" T="0.0302599"/>
      <pos A="0.877969" C="0.0217018" G="0.0675486" T="0.0327819"/>
      <pos A="0.015016" C="0.0191038" G="0.928934" T="0.0369459"/>
      <pos A="0.013258" C="0.0364877" G="0.929927" T="0.020327"/>
      <pos A="0.501413" C="0.156186" G="0.219034" T="0.123368"/>
      <pos A="0.197219" C="0.145603" G="0.533047" T="0.124132"/>
      <pos A="0.216245" C="0.241155" G="0.352946" T="0.189654"/>
      <pos A="0.173187" C="0.339039" G="0.260755" T="0.227019"/>
    </motif>
    <motif db="1" id="MA0867.2" alt="SOX4" length="10" nsites="12829"
        url="http://jaspar2022.genereg.net/matrix/MA0867.2">
      <pos A="0.248655" C="0.138048" G="0.435106" T="0.178191"/>
      <pos A="0.619462" C="0.105539" G="0.227167" T="0.0478318"/>
      <pos A="0.998384" C="1.76162e-06" G="1.76162e-06" T="0.00161212"/>
      <pos A="2.13577e-06" C="0.987609" G="0.00654771" T="0.00584109"/>
      <pos A="0.998742" C="0.00018076" G="0.00107575" T="2.13577e-06"/>
      <pos A="0.996958" C="0.00107375" G="0.00196675" T="2.13577e-06"/>
      <pos A="0.658951" C="0.0141677" G="0.00590372" T="0.320977"/>
      <pos A="0.150883" C="0.00948769" G="0.827326" T="0.012304"/>
      <pos A="0.291585" C="0.198105" G="0.486067" T="0.0242429"/>
      <pos A="0.317986" C="0.257614" G="0.338408" T="0.0859925"/>
    </motif>
    <motif db="1" id="MA0868.2" alt="SOX8" length="10" nsites="4529"
        url="http://jaspar2022.genereg.net/matrix/MA0868.2">
      <pos A="0.403397" C="0.248178" G="0.188564" T="0.159862"/>
      <pos A="0.208334" C="0.116556" G="0.514352" T="0.160758"/>
      <pos A="0.741768" C="0.0613106" G="0.106783" T="0.0901381"/>
      <pos A="0.975947" C="4.98996e-06" G="4.98996e-06" T="0.0240435"/>
      <pos A="0.00155602" C="0.94417" G="0.0180926" T="0.0361813"/>
      <pos A="0.991303" C="4.98996e-06" G="4.98996e-06" T="0.00868686"/>
      <pos A="0.958537" C="0.0225645" G="4.98996e-06" T="0.0188936"/>
      <pos A="0.126626" C="0.0167026" G="0.00928079" T="0.84739"/>
      <pos A="0.368677" C="0.0565557" G="0.496731" T="0.0780363"/>
      <pos A="0.164296" C="0.230559" G="0.499446" T="0.1057"/>
    </motif>
    <motif db="1" id="MA0869.2" alt="Sox11" length="12" nsites="10248"
        url="http://jaspar2022.genereg.net/matrix/MA0869.2">
      <pos A="0.281421" C="0.238778" G="0.298399" T="0.181402"/>
      <pos A="0.406225" C="0.0950443" G="0.303668" T="0.195063"/>
      <pos A="0.0989477" C="0.0745525" G="0.786783" T="0.0397173"/>
      <pos A="0.772048" C="0.0747475" G="0.12666" T="0.0265444"/>
      <pos A="0.961742" C="0.00976011" G="0.020591" T="0.0079066"/>
      <pos A="0.0116146" C="0.924173" G="0.0488897" T="0.0153225"/>
      <pos A="0.977745" C="0.0105411" G="0.00478316" T="0.00693061"/>
      <pos A="0.944177" C="0.025763" G="0.024202" T="0.00585762"/>
      <pos A="0.905146" C="0.00595415" G="0.022738" T="0.066161"/>
      <pos A="0.0493772" C="0.0144441" G="0.925637" T="0.0105416"/>
      <pos A="0.31655" C="0.226483" G="0.384073" T="0.072894"/>
      <pos A="0.345627" C="0.273224" G="0.256343" T="0.124806"/>
    </motif>
    <motif db="1" id="MA1152.1" alt="SOX15" length="10" nsites="1000"
        url="http://jaspar2022.genereg.net/matrix/MA1152.1">
      <pos A="0.0320242" C="0.553967" G="0.147008" T="0.267001"/>
      <pos A="0.0619592" C="0.411569" G="0.025994" T="0.500477"/>
      <pos A="0.630334" C="0.0030193" G="0.0050171" T="0.361629"/>
      <pos A="0.0030271" C="0.0030223" G="0.006022" T="0.987929"/>
      <pos A="0.0030241" C="0.0020204" G="0.0020204" T="0.992935"/>
      <pos A="0.0831021" C="0.0210415" G="0.890825" T="0.0050319"/>
      <pos A="0.024025" C="0.0020224" G="0.0030223" T="0.97093"/>
      <pos A="0.180189" C="0.188192" G="0.125135" T="0.506484"/>
      <pos A="0.215006" C="0.252997" G="0.114011" T="0.417986"/>
      <pos A="0.240762" C="0.187816" G="0.164841" T="0.40658"/>
    </motif>
    <motif db="1" id="MA1628.1" alt="Zic1::Zic2" length="11" nsites="9892"
        url="http://jaspar2022.genereg.net/matrix/MA1628.1">
      <pos A="0.209463" C="0.467042" G="0.223008" T="0.100487"/>
      <pos A="0.309038" C="0.261727" G="0.280327" T="0.148909"/>
      <pos A="0.00293474" C="0.969867" G="0.0107182" T="0.0164806"/>
      <pos A="0.933879" C="0.0388209" G="0.026892" T="0.000406766"/>
      <pos A="0.00970767" C="0.0197151" G="0.963094" T="0.00748369"/>
      <pos A="0.00758469" C="0.939439" G="0.00970719" T="0.0432693"/>
      <pos A="0.904766" C="0.031442" G="0.0633866" T="0.000406766"/>
      <pos A="0.00111476" C="0.0517608" G="0.938024" T="0.00910068"/>
      <pos A="0.00465272" C="0.00920119" G="0.973607" T="0.0125376"/>
      <pos A="0.245552" C="0.254347" G="0.280529" T="0.219572"/>
      <pos A="0.255156" C="0.217752" G="0.354427" T="0.172666"/>
    </motif>
    <motif db="1" id="MA1629.1" alt="Zic2" length="14" nsites="11919"
        url="http://jaspar2022.genereg.net/matrix/MA1629.1">
      <pos A="0.263864" C="0.294235" G="0.231647" T="0.210254"/>
      <pos A="0.205555" C="0.147245" G="0.32058" T="0.326621"/>
      <pos A="0.0974095" C="0.83337" G="0.0490825" T="0.0201381"/>
      <pos A="0.577898" C="0.148084" G="0.0695543" T="0.204464"/>
      <pos A="0.0113282" C="0.962826" G="0.0157748" T="0.0100702"/>
      <pos A="0.9291" C="0.0328066" G="0.0156068" T="0.0224871"/>
      <pos A="0.0117482" C="0.0191307" G="0.963498" T="0.00562325"/>
      <pos A="0.00671424" C="0.945711" G="0.0225707" T="0.0250041"/>
      <pos A="0.891429" C="0.00990181" G="0.0616674" T="0.037002"/>
      <pos A="0.0161112" C="0.0111608" G="0.938328" T="0.034401"/>
      <pos A="0.00805623" C="0.0171178" G="0.961904" T="0.0129232"/>
      <pos A="0.256733" C="0.123837" G="0.412029" T="0.207401"/>
      <pos A="0.305227" C="0.139358" G="0.417734" T="0.13768"/>
      <pos A="0.195739" C="0.181894" G="0.445841" T="0.176526"/>
    </motif>
    <motif db="1" id="MA1962.1" alt="POU2F1::SOX2" length="17" nsites="16245"
        url="http://jaspar2022.genereg.net/matrix/MA1962.1">
      <pos A="0.485441" C="0.307355" G="0.156417" T="0.0507864"/>
      <pos A="0.872856" C="0.0293542" G="0.0241282" T="0.0736612"/>
      <pos A="0.0326765" C="0.0127643" G="0.00130138" T="0.953258"/>
      <pos A="0.0636423" C="0.0309252" G="0.00297037" T="0.902461"/>
      <pos A="0.276822" C="0.0228353" G="0.00315237" T="0.69719"/>
      <pos A="0.341859" C="0.0475251" G="0.609152" T="0.00146468"/>
      <pos A="0.0949061" C="0.892998" G="0.00401337" T="0.00808264"/>
      <pos A="0.960043" C="0.00695735" G="0.0308432" T="0.00215667"/>
      <pos A="0.00197167" C="0.00948133" G="0.00301737" T="0.98553"/>
      <pos A="0.486241" C="0.337518" G="0.157402" T="0.0188386"/>
      <pos A="0.925241" C="0.0296742" G="0.00905234" T="0.0360325"/>
      <pos A="0.0198146" C="0.834638" G="0.0359922" T="0.109555"/>
      <pos A="0.962289" C="0.0103763" G="0.00527836" T="0.0220566"/>
      <pos A="0.980578" C="0.00804634" G="0.00369137" T="0.00768464"/>
      <pos A="0.29553" C="0.0167593" G="0.00428936" T="0.683422"/>
      <pos A="0.412253" C="0.0367282" G="0.461049" T="0.0899701"/>
      <pos A="0.132165" C="0.231948" G="0.548844" T="0.0870432"/>
    </motif>
    <motif db="2" id="SOX9_DBD" length="9" nsites="20"
        url="http://floresta.eead.csic.es/footprintdb/index.php?db=HumanTF:1.0&amp;motif=SOX9_DBD">
      <pos A="0.286552" C="0.115328" G="0.368991" T="0.229128"/>
      <pos A="0.604757" C="0.113883" G="0.137488" T="0.143872"/>
      <pos A="0.918547" C="0.00127264" G="0.00675821" T="0.0734209"/>
      <pos A="0.00136318" C="0.945177" G="0.014402" T="0.0390577"/>
      <pos A="0.989678" C="0.00112438" G="0.00112438" T="0.00807363"/>
      <pos A="0.984783" C="0.0049393" G="0.00589353" T="0.00438408"/>
      <pos A="0.0793453" C="0.0129443" G="0.0146736" T="0.893037"/>
      <pos A="0.358917" C="0.0582527" G="0.467342" T="0.115488"/>
      <pos A="0.199854" C="0.227924" G="0.482551" T="0.0896706"/>
    </motif>
  </targets>
  <matches>
    <query idx="1">
      <target idx="20" rc="y" off="-1" pv="1.95e-07" ev="4.03e-04" qv="8.04e-04"/>
      <target idx="6" rc="y" off="1" pv="1.29e-06" ev="2.66e-03" qv="2.50e-03"/>
      <target idx="17" rc="n" off="-1" pv="2.42e-06" ev="5.00e-03" qv="2.50e-03"/>
      <target idx="7" rc="n" off="-2" pv="2.42e-06" ev="5.01e-03" qv="2.50e-03"/>
      <target idx="15" rc="y" off="-1" pv="1.75e-05" ev="3.63e-02" qv="1.38e-02"/>
      <target idx="1" rc="y" off="6" pv="2.01e-05" ev="4.16e-02" qv="1.38e-02"/>
      <target idx="9" rc="y" off="0" pv="7.04e-05" ev="1.46e-01" qv="4.15e-02"/>
      <target idx="21" rc="y" off="-1" pv="9.28e-05" ev="1.92e-01" qv="4.79e-02"/>
      <target idx="8" rc="y" off="1" pv="1.26e-04" ev="2.61e-01" qv="5.51e-02"/>
      <target idx="14" rc="y" off="0" pv="1.35e-04" ev="2.79e-01" qv="5.51e-02"/>
      <target idx="11" rc="n" off="-1" pv="1.64e-04" ev="3.40e-01" qv="5.51e-02"/>
      <target idx="16" rc="y" off="0" pv="1.67e-04" ev="3.46e-01" qv="5.51e-02"/>
      <target idx="2" rc="n" off="3" pv="1.74e-04" ev="3.59e-01" qv="5.51e-02"/>
      <target idx="5" rc="n" off="-1" pv="1.97e-04" ev="4.08e-01" qv="5.82e-02"/>
      <target idx="10" rc="y" off="1" pv="2.83e-04" ev="5.85e-01" qv="7.78e-02"/>
    </query>
    <query idx="2">
      <target idx="12" rc="y" off="-1" pv="3.80e-04" ev="7.87e-01" qv="1.00e+00"/>
    </query>
    <query idx="0">
      <target idx="19" rc="n" off="0" pv="1.94e-07" ev="4.02e-04" qv="8.03e-04"/>
      <target idx="4" rc="n" off="1" pv="3.41e-06" ev="7.07e-03" qv="7.07e-03"/>
      <target idx="3" rc="n" off="1" pv="2.54e-05" ev="5.25e-02" qv="3.50e-02"/>
      <target idx="13" rc="n" off="-2" pv="1.86e-04" ev="3.84e-01" qv="1.92e-01"/>
      <target idx="0" rc="n" off="1" pv="2.71e-04" ev="5.60e-01" qv="2.24e-01"/>
      <target idx="18" rc="n" off="-2" pv="4.21e-04" ev="8.72e-01" qv="2.91e-01"/>
    </query>
  </matches>
  <runtime cycles="10097885" seconds="10.098"/>
</tomtom>
