MOTIF_INDEX	MOTIF_SOURCE	MOTIF_ID	ALT_ID	CONSENSUS	WIDTH	SITES	E-VALUE	E-VALUE_SOURCE	MOST_SIMILAR_MOTIF_SOURCE	MOST_SIMILAR_MOTIF	URL
1	MEME	TCYWTTGTTMTGYHA	MEME-1	TCYWTTGTTMTGYHA	15	3541	7.4e-221	MEME	db/motif_databases/JASPAR/JASPAR2022_CORE_vertebrates_non-redundant_v2.meme	MA1962.1 (POU2F1::SOX2)	http://jaspar2022.genereg.net/matrix/MA1962.1
2	MEME	TRGGGTGGAGCCTTC	MEME-2	TRGGGTGGAGCCTTC	15	409	2.2e-167	MEME	db/motif_databases/JASPAR/JASPAR2022_CORE_vertebrates_non-redundant_v2.meme	MA0599.1 (KLF5)	http://jaspar2022.genereg.net/matrix/MA0599.1
3	MEME	CTCHCAGCAGG	MEME-3	CTCHCAGCAGG	11	1245	7.5e-103	MEME	db/motif_databases/JASPAR/JASPAR2022_CORE_vertebrates_non-redundant_v2.meme	MA1629.1 (Zic2)	http://jaspar2022.genereg.net/matrix/MA1629.1
4	STREME	4-AGCMATCA	STREME-4	AGCMATCA	8	3065	1.5e-075	STREME	 	 	 
5	STREME	1-ADAACAAWRGMV	STREME-1	ADAACAAWRGMV	12	4455	2.3e-059	STREME	db/motif_databases/JASPAR/JASPAR2022_CORE_vertebrates_non-redundant_v2.meme	MA1152.1 (SOX15)	http://jaspar2022.genereg.net/matrix/MA1152.1
6	db/motif_databases/EUKARYOTE/jolma2013.meme	EN2_full	 	VBYAATTAVS	10	5806	5.3e-035	CENTRIMO	 	 	http://floresta.eead.csic.es/footprintdb/index.php?db=HumanTF:1.0&motif=EN2_full
7	db/motif_databases/EUKARYOTE/jolma2013.meme	HOXA1_DBD	 	NBYAATTAVV	10	5371	2.8e-029	CENTRIMO	 	 	http://floresta.eead.csic.es/footprintdb/index.php?db=HumanTF:1.0&motif=HOXA1_DBD
8	db/motif_databases/MOUSE/uniprobe_mouse.meme	UP00185_1	Pbx1_3203.1	HYAYMCATCAAWHWWNV	17	4161	1.2e-027	CENTRIMO	 	 	http://thebrain.bwh.harvard.edu/uniprobe/details2.php?id=00185
9	db/motif_databases/JASPAR/JASPAR2022_CORE_vertebrates_non-redundant_v2.meme	MA0879.2	DLX1	VYAATTAN	8	5830	2.4e-024	CENTRIMO	 	 	http://jaspar2022.genereg.net/matrix/MA0879.2
10	db/motif_databases/JASPAR/JASPAR2022_CORE_vertebrates_non-redundant_v2.meme	MA0707.2	MNX1	VYRATTAK	8	4548	8.6e-023	CENTRIMO	 	 	http://jaspar2022.genereg.net/matrix/MA0707.2
11	db/motif_databases/JASPAR/JASPAR2022_CORE_vertebrates_non-redundant_v2.meme	MA0705.1	Lhx8	CTAATTAV	8	3889	3.4e-022	CENTRIMO	 	 	http://jaspar2022.genereg.net/matrix/MA0705.1
12	db/motif_databases/EUKARYOTE/jolma2013.meme	Lhx8_DBD_2	 	CTAATTAV	8	3889	3.6e-022	CENTRIMO	 	 	http://floresta.eead.csic.es/footprintdb/index.php?db=HumanTF:1.0&motif=Lhx8_DBD_2
13	db/motif_databases/EUKARYOTE/jolma2013.meme	SOX9_DBD	 	DAACAATRG	9	6928	5.0e-022	CENTRIMO	 	 	http://floresta.eead.csic.es/footprintdb/index.php?db=HumanTF:1.0&motif=SOX9_DBD
14	db/motif_databases/JASPAR/JASPAR2022_CORE_vertebrates_non-redundant_v2.meme	MA0706.1	MEOX2	DSTAATTAWN	10	5910	3.2e-021	CENTRIMO	 	 	http://jaspar2022.genereg.net/matrix/MA0706.1
15	db/motif_databases/EUKARYOTE/jolma2013.meme	MEOX2_DBD_1	 	DSTAATTAWN	10	5929	8.1e-021	CENTRIMO	 	 	http://floresta.eead.csic.es/footprintdb/index.php?db=HumanTF:1.0&motif=MEOX2_DBD_1
16	db/motif_databases/EUKARYOTE/jolma2013.meme	HOXA2_DBD	 	NSTMATTAVS	10	5989	3.0e-020	CENTRIMO	 	 	http://floresta.eead.csic.es/footprintdb/index.php?db=HumanTF:1.0&motif=HOXA2_DBD
17	db/motif_databases/JASPAR/JASPAR2022_CORE_vertebrates_non-redundant_v2.meme	MA1644.1	NFYC	RDCCAATCASN	11	4148	3.4e-020	CENTRIMO	 	 	http://jaspar2022.genereg.net/matrix/MA1644.1
18	STREME	2-CWCAGCAGGT	STREME-2	CWCAGCAGGT	10	1292	3.4e-020	STREME	db/motif_databases/JASPAR/JASPAR2022_CORE_vertebrates_non-redundant_v2.meme	MA1629.1 (Zic2)	http://jaspar2022.genereg.net/matrix/MA1629.1
19	db/motif_databases/JASPAR/JASPAR2022_CORE_vertebrates_non-redundant_v2.meme	MA1495.1	HOXA1	STAATTAS	8	4937	4.0e-020	CENTRIMO	 	 	http://jaspar2022.genereg.net/matrix/MA1495.1
20	db/motif_databases/EUKARYOTE/jolma2013.meme	EN1_full_1	 	SYAATTAV	8	4712	7.1e-020	CENTRIMO	 	 	http://floresta.eead.csic.es/footprintdb/index.php?db=HumanTF:1.0&motif=EN1_full_1
21	db/motif_databases/JASPAR/JASPAR2022_CORE_vertebrates_non-redundant_v2.meme	MA0027.2	EN1	SYAATTAV	8	4712	9.7e-020	CENTRIMO	 	 	http://jaspar2022.genereg.net/matrix/MA0027.2
22	STREME	46-GATGGCCC	STREME-46	46-GATGGCCC	8	61	1.7e-019	STREME	 	 	 
23	db/motif_databases/EUKARYOTE/jolma2013.meme	EN1_DBD_1	 	VSYAATTAVB	10	5353	2.0e-019	CENTRIMO	 	 	http://floresta.eead.csic.es/footprintdb/index.php?db=HumanTF:1.0&motif=EN1_DBD_1
24	db/motif_databases/EUKARYOTE/jolma2013.meme	Nkx6-1_DBD	 	NYMATTAA	8	6667	6.5e-019	CENTRIMO	 	 	http://floresta.eead.csic.es/footprintdb/index.php?db=HumanTF:1.0&motif=Nkx6-1_DBD
25	db/motif_databases/EUKARYOTE/jolma2013.meme	MSX1_full	 	SCAATTAV	8	5523	1.5e-017	CENTRIMO	 	 	http://floresta.eead.csic.es/footprintdb/index.php?db=HumanTF:1.0&motif=MSX1_full
26	db/motif_databases/JASPAR/JASPAR2022_CORE_vertebrates_non-redundant_v2.meme	MA0868.2	SOX8	MGAACAATRG	10	6572	2.0e-017	CENTRIMO	 	 	http://jaspar2022.genereg.net/matrix/MA0868.2
27	db/motif_databases/EUKARYOTE/jolma2013.meme	ESX1_DBD	 	NYYAATTANC	10	5803	8.1e-017	CENTRIMO	 	 	http://floresta.eead.csic.es/footprintdb/index.php?db=HumanTF:1.0&motif=ESX1_DBD
28	db/motif_databases/EUKARYOTE/jolma2013.meme	GBX2_full	 	NSYAATTANV	10	6137	1.3e-016	CENTRIMO	 	 	http://floresta.eead.csic.es/footprintdb/index.php?db=HumanTF:1.0&motif=GBX2_full
29	db/motif_databases/JASPAR/JASPAR2022_CORE_vertebrates_non-redundant_v2.meme	MA0675.1	NKX6-2	NYMATTAA	8	5567	1.3e-016	CENTRIMO	 	 	http://jaspar2022.genereg.net/matrix/MA0675.1
30	db/motif_databases/EUKARYOTE/jolma2013.meme	NKX6-2_full	 	NYMATTAA	8	5563	1.5e-016	CENTRIMO	 	 	http://floresta.eead.csic.es/footprintdb/index.php?db=HumanTF:1.0&motif=NKX6-2_full
31	db/motif_databases/EUKARYOTE/jolma2013.meme	NKX6-2_DBD	 	NYMATTAA	8	5480	2.6e-016	CENTRIMO	 	 	http://floresta.eead.csic.es/footprintdb/index.php?db=HumanTF:1.0&motif=NKX6-2_DBD
32	db/motif_databases/EUKARYOTE/jolma2013.meme	HOXB5_DBD	 	NNYMATTADN	10	7450	3.0e-016	CENTRIMO	 	 	http://floresta.eead.csic.es/footprintdb/index.php?db=HumanTF:1.0&motif=HOXB5_DBD
33	db/motif_databases/JASPAR/JASPAR2022_CORE_vertebrates_non-redundant_v2.meme	MA1639.1	MEIS1	NHCATMAATCAHN	13	2590	5.2e-016	CENTRIMO	 	 	http://jaspar2022.genereg.net/matrix/MA1639.1
34	db/motif_databases/JASPAR/JASPAR2022_CORE_vertebrates_non-redundant_v2.meme	MA0666.2	MSX1	SCAATTAR	8	4183	8.1e-016	CENTRIMO	 	 	http://jaspar2022.genereg.net/matrix/MA0666.2
35	db/motif_databases/EUKARYOTE/jolma2013.meme	HOXB2_DBD	 	NNTMATTANN	10	5953	9.2e-016	CENTRIMO	 	 	http://floresta.eead.csic.es/footprintdb/index.php?db=HumanTF:1.0&motif=HOXB2_DBD
36	db/motif_databases/JASPAR/JASPAR2022_CORE_vertebrates_non-redundant_v2.meme	MA0708.2	MSX2	SCAATTAV	8	4325	9.4e-016	CENTRIMO	 	 	http://jaspar2022.genereg.net/matrix/MA0708.2
37	db/motif_databases/EUKARYOTE/jolma2013.meme	DLX2_DBD	 	NYAATTAN	8	6271	1.6e-015	CENTRIMO	 	 	http://floresta.eead.csic.es/footprintdb/index.php?db=HumanTF:1.0&motif=DLX2_DBD
38	db/motif_databases/EUKARYOTE/jolma2013.meme	EN2_DBD	 	HBYAATTANN	10	4420	1.8e-015	CENTRIMO	 	 	http://floresta.eead.csic.es/footprintdb/index.php?db=HumanTF:1.0&motif=EN2_DBD
39	db/motif_databases/JASPAR/JASPAR2022_CORE_vertebrates_non-redundant_v2.meme	MA1562.1	SOX14	CCGAACAATG	10	3307	1.2e-014	CENTRIMO	 	 	http://jaspar2022.genereg.net/matrix/MA1562.1
40	db/motif_databases/JASPAR/JASPAR2022_CORE_vertebrates_non-redundant_v2.meme	MA0661.1	MEOX1	VSTAATTAHC	10	4289	1.4e-014	CENTRIMO	 	 	http://jaspar2022.genereg.net/matrix/MA0661.1
41	db/motif_databases/EUKARYOTE/jolma2013.meme	MEOX1_full	 	VSTAATTAHC	10	4311	2.6e-014	CENTRIMO	 	 	http://floresta.eead.csic.es/footprintdb/index.php?db=HumanTF:1.0&motif=MEOX1_full
42	db/motif_databases/EUKARYOTE/jolma2013.meme	HOXB3_DBD	 	NNYMATTARN	10	5914	3.1e-014	CENTRIMO	 	 	http://floresta.eead.csic.es/footprintdb/index.php?db=HumanTF:1.0&motif=HOXB3_DBD
43	db/motif_databases/EUKARYOTE/jolma2013.meme	MIXL1_full	 	NBYAATTAVN	10	5517	4.3e-014	CENTRIMO	 	 	http://floresta.eead.csic.es/footprintdb/index.php?db=HumanTF:1.0&motif=MIXL1_full
44	db/motif_databases/JASPAR/JASPAR2022_CORE_vertebrates_non-redundant_v2.meme	MA1152.1	SOX15	CYWTTGTTHW	10	7091	4.8e-014	CENTRIMO	 	 	http://jaspar2022.genereg.net/matrix/MA1152.1
45	db/motif_databases/JASPAR/JASPAR2022_CORE_vertebrates_non-redundant_v2.meme	MA0699.1	LBX2	NCYAATTARN	10	5891	4.9e-014	CENTRIMO	 	 	http://jaspar2022.genereg.net/matrix/MA0699.1
46	db/motif_databases/JASPAR/JASPAR2022_CORE_vertebrates_non-redundant_v2.meme	MA0662.1	MIXL1	NBYAATTAVN	10	5476	5.9e-014	CENTRIMO	 	 	http://jaspar2022.genereg.net/matrix/MA0662.1
47	db/motif_databases/EUKARYOTE/jolma2013.meme	LBX2_DBD_2	 	NCYAATTARN	10	5892	6.9e-014	CENTRIMO	 	 	http://floresta.eead.csic.es/footprintdb/index.php?db=HumanTF:1.0&motif=LBX2_DBD_2
48	db/motif_databases/JASPAR/JASPAR2022_CORE_vertebrates_non-redundant_v2.meme	MA0704.1	Lhx4	YTAATTAR	8	5028	6.9e-014	CENTRIMO	 	 	http://jaspar2022.genereg.net/matrix/MA0704.1
49	db/motif_databases/JASPAR/JASPAR2022_CORE_vertebrates_non-redundant_v2.meme	MA1498.2	HOXA7	SYMATTAV	8	6293	7.5e-014	CENTRIMO	 	 	http://jaspar2022.genereg.net/matrix/MA1498.2
50	db/motif_databases/EUKARYOTE/jolma2013.meme	Lhx4_DBD	 	YTAATTAR	8	5013	8.3e-014	CENTRIMO	 	 	http://floresta.eead.csic.es/footprintdb/index.php?db=HumanTF:1.0&motif=Lhx4_DBD
51	db/motif_databases/EUKARYOTE/jolma2013.meme	YY1_full	 	NCCGCCATTRH	11	4762	9.8e-014	CENTRIMO	 	 	http://floresta.eead.csic.es/footprintdb/index.php?db=HumanTF:1.0&motif=YY1_full
52	db/motif_databases/JASPAR/JASPAR2022_CORE_vertebrates_non-redundant_v2.meme	MA0060.3	NFYA	RRCCAATCAGM	11	2632	1.0e-013	CENTRIMO	 	 	http://jaspar2022.genereg.net/matrix/MA0060.3
53	db/motif_databases/JASPAR/JASPAR2022_CORE_vertebrates_non-redundant_v2.meme	MA0903.1	HOXB3	NNYMATTARN	10	5875	1.1e-013	CENTRIMO	 	 	http://jaspar2022.genereg.net/matrix/MA0903.1
54	db/motif_databases/EUKARYOTE/jolma2013.meme	PRRX1_DBD	 	YYAATTAR	8	5337	1.2e-013	CENTRIMO	 	 	http://floresta.eead.csic.es/footprintdb/index.php?db=HumanTF:1.0&motif=PRRX1_DBD
55	db/motif_databases/JASPAR/JASPAR2022_CORE_vertebrates_non-redundant_v2.meme	MA0716.1	PRRX1	YYAATTAR	8	5337	1.5e-013	CENTRIMO	 	 	http://jaspar2022.genereg.net/matrix/MA0716.1
56	db/motif_databases/EUKARYOTE/jolma2013.meme	HMX3_DBD	 	RVCAMTTAAHV	11	6237	1.5e-013	CENTRIMO	 	 	http://floresta.eead.csic.es/footprintdb/index.php?db=HumanTF:1.0&motif=HMX3_DBD
57	db/motif_databases/EUKARYOTE/jolma2013.meme	Hoxa2_DBD	 	NSTAATTANH	10	5291	2.1e-013	CENTRIMO	 	 	http://floresta.eead.csic.es/footprintdb/index.php?db=HumanTF:1.0&motif=Hoxa2_DBD
58	db/motif_databases/JASPAR/JASPAR2022_CORE_vertebrates_non-redundant_v2.meme	MA0077.1	SOX9	CYATTGTTY	9	6646	2.4e-013	CENTRIMO	 	 	http://jaspar2022.genereg.net/matrix/MA0077.1
59	db/motif_databases/JASPAR/JASPAR2022_CORE_vertebrates_non-redundant_v2.meme	MA1496.1	HOXA4	RTMATTAV	8	5528	2.7e-013	CENTRIMO	 	 	http://jaspar2022.genereg.net/matrix/MA1496.1
60	db/motif_databases/EUKARYOTE/jolma2013.meme	Dlx2_DBD	 	VYAATTAN	8	5283	2.9e-013	CENTRIMO	 	 	http://floresta.eead.csic.es/footprintdb/index.php?db=HumanTF:1.0&motif=Dlx2_DBD
61	db/motif_databases/MOUSE/uniprobe_mouse.meme	UP00023_1	Sox30_primary	DHDSAACAATKRAHHY	16	5903	3.0e-013	CENTRIMO	 	 	http://thebrain.bwh.harvard.edu/uniprobe/details2.php?id=00023
62	db/motif_databases/EUKARYOTE/jolma2013.meme	PRRX1_full_1	 	YYAATTAN	8	5613	1.3e-012	CENTRIMO	 	 	http://floresta.eead.csic.es/footprintdb/index.php?db=HumanTF:1.0&motif=PRRX1_full_1
63	db/motif_databases/EUKARYOTE/jolma2013.meme	PRRX2_full	 	YYAATTAN	8	6054	2.1e-012	CENTRIMO	 	 	http://floresta.eead.csic.es/footprintdb/index.php?db=HumanTF:1.0&motif=PRRX2_full
64	db/motif_databases/EUKARYOTE/jolma2013.meme	Meox2_DBD	 	NTAATKAN	8	5331	2.1e-012	CENTRIMO	 	 	http://floresta.eead.csic.es/footprintdb/index.php?db=HumanTF:1.0&motif=Meox2_DBD
65	db/motif_databases/JASPAR/JASPAR2022_CORE_vertebrates_non-redundant_v2.meme	MA0070.1	PBX1	HCATCAATCAAW	12	1839	2.2e-012	CENTRIMO	 	 	http://jaspar2022.genereg.net/matrix/MA0070.1
66	db/motif_databases/EUKARYOTE/jolma2013.meme	Dlx1_DBD	 	NYAATTAN	8	5580	2.3e-012	CENTRIMO	 	 	http://floresta.eead.csic.es/footprintdb/index.php?db=HumanTF:1.0&motif=Dlx1_DBD
67	db/motif_databases/EUKARYOTE/jolma2013.meme	ESX1_full	 	NYYAATTAVM	10	5741	2.5e-012	CENTRIMO	 	 	http://floresta.eead.csic.es/footprintdb/index.php?db=HumanTF:1.0&motif=ESX1_full
68	db/motif_databases/JASPAR/JASPAR2022_CORE_vertebrates_non-redundant_v2.meme	MA1481.1	DRGX	YYAATTAN	8	4168	6.8e-012	CENTRIMO	 	 	http://jaspar2022.genereg.net/matrix/MA1481.1
69	STREME	3-ATTWGCATHW	STREME-3	ATTWGCATHW	10	1381	8.3e-012	STREME	db/motif_databases/EUKARYOTE/jolma2013.meme	POU1F1_DBD_2	http://floresta.eead.csic.es/footprintdb/index.php?db=HumanTF:1.0&motif=POU1F1_DBD_2
70	db/motif_databases/EUKARYOTE/jolma2013.meme	GBX2_DBD_1	 	RSYAATTARN	10	4011	9.4e-012	CENTRIMO	 	 	http://floresta.eead.csic.es/footprintdb/index.php?db=HumanTF:1.0&motif=GBX2_DBD_1
71	db/motif_databases/JASPAR/JASPAR2022_CORE_vertebrates_non-redundant_v2.meme	MA0151.1	Arid3a	ATYAAA	6	3830	9.6e-012	CENTRIMO	 	 	http://jaspar2022.genereg.net/matrix/MA0151.1
72	db/motif_databases/JASPAR/JASPAR2022_CORE_vertebrates_non-redundant_v2.meme	MA1530.1	NKX6-3	VYCATTAWW	9	4037	1.1e-011	CENTRIMO	 	 	http://jaspar2022.genereg.net/matrix/MA1530.1
73	db/motif_databases/EUKARYOTE/jolma2013.meme	LHX6_full_1	 	RCTAATTARY	10	2899	1.3e-011	CENTRIMO	 	 	http://floresta.eead.csic.es/footprintdb/index.php?db=HumanTF:1.0&motif=LHX6_full_1
74	db/motif_databases/JASPAR/JASPAR2022_CORE_vertebrates_non-redundant_v2.meme	MA0890.1	GBX2	RSYAATTARN	10	3949	2.3e-011	CENTRIMO	 	 	http://jaspar2022.genereg.net/matrix/MA0890.1
75	db/motif_databases/EUKARYOTE/jolma2013.meme	Gbx2_DBD	 	RSYAATTAVN	10	5168	2.5e-011	CENTRIMO	 	 	http://floresta.eead.csic.es/footprintdb/index.php?db=HumanTF:1.0&motif=Gbx2_DBD
76	db/motif_databases/MOUSE/uniprobe_mouse.meme	UP00016_2	Sry_secondary	HNDNNRAACAATDRVHG	17	6844	3.3e-011	CENTRIMO	 	 	http://thebrain.bwh.harvard.edu/uniprobe/details2.php?id=00016
77	db/motif_databases/EUKARYOTE/jolma2013.meme	MSX1_DBD_2	 	SCAATTAV	8	4473	3.4e-011	CENTRIMO	 	 	http://floresta.eead.csic.es/footprintdb/index.php?db=HumanTF:1.0&motif=MSX1_DBD_2
78	db/motif_databases/JASPAR/JASPAR2022_CORE_vertebrates_non-redundant_v2.meme	MA0078.2	Sox17	NNAGAACAATGGNN	14	6265	3.6e-011	CENTRIMO	 	 	http://jaspar2022.genereg.net/matrix/MA0078.2
79	db/motif_databases/JASPAR/JASPAR2022_CORE_vertebrates_non-redundant_v2.meme	MA1120.1	SOX13	DVACAATGGNN	11	6098	4.9e-011	CENTRIMO	 	 	http://jaspar2022.genereg.net/matrix/MA1120.1
80	db/motif_databases/JASPAR/JASPAR2022_CORE_vertebrates_non-redundant_v2.meme	MA0514.2	Sox3	DNACAATGGNN	11	6251	5.9e-011	CENTRIMO	 	 	http://jaspar2022.genereg.net/matrix/MA0514.2
81	db/motif_databases/JASPAR/JASPAR2022_CORE_vertebrates_non-redundant_v2.meme	MA0717.1	RAX2	YYAATTAV	8	5627	6.8e-011	CENTRIMO	 	 	http://jaspar2022.genereg.net/matrix/MA0717.1
82	db/motif_databases/EUKARYOTE/jolma2013.meme	LHX9_DBD_1	 	BYAATTAR	8	5767	7.0e-011	CENTRIMO	 	 	http://floresta.eead.csic.es/footprintdb/index.php?db=HumanTF:1.0&motif=LHX9_DBD_1
83	db/motif_databases/EUKARYOTE/jolma2013.meme	RAXL1_DBD	 	YYAATTAV	8	5627	9.6e-011	CENTRIMO	 	 	http://floresta.eead.csic.es/footprintdb/index.php?db=HumanTF:1.0&motif=RAXL1_DBD
84	db/motif_databases/JASPAR/JASPAR2022_CORE_vertebrates_non-redundant_v2.meme	MA0084.1	SRY	NWWAACAAT	9	7102	1.0e-010	CENTRIMO	 	 	http://jaspar2022.genereg.net/matrix/MA0084.1
85	db/motif_databases/EUKARYOTE/jolma2013.meme	Vsx1_DBD	 	YYAATTAN	8	5881	1.4e-010	CENTRIMO	 	 	http://floresta.eead.csic.es/footprintdb/index.php?db=HumanTF:1.0&motif=Vsx1_DBD
86	db/motif_databases/JASPAR/JASPAR2022_CORE_vertebrates_non-redundant_v2.meme	MA0721.1	UNCX	YYAATTAV	8	5303	1.6e-010	CENTRIMO	 	 	http://jaspar2022.genereg.net/matrix/MA0721.1
87	db/motif_databases/MOUSE/uniprobe_mouse.meme	UP00075_1	Sox15_primary	WNNDGAACAATWRRNWT	17	5424	1.9e-010	CENTRIMO	 	 	http://thebrain.bwh.harvard.edu/uniprobe/details2.php?id=00075
88	db/motif_databases/EUKARYOTE/jolma2013.meme	UNCX_DBD_2	 	YYAATTAV	8	5317	2.0e-010	CENTRIMO	 	 	http://floresta.eead.csic.es/footprintdb/index.php?db=HumanTF:1.0&motif=UNCX_DBD_2
89	db/motif_databases/EUKARYOTE/jolma2013.meme	Lhx8_DBD_1	 	YTAATYAVSVCTAATYAV	18	1600	2.1e-010	CENTRIMO	 	 	http://floresta.eead.csic.es/footprintdb/index.php?db=HumanTF:1.0&motif=Lhx8_DBD_1
90	db/motif_databases/JASPAR/JASPAR2022_CORE_vertebrates_non-redundant_v2.meme	MA1519.1	LHX5	STAATTAV	8	2990	2.3e-010	CENTRIMO	 	 	http://jaspar2022.genereg.net/matrix/MA1519.1
91	db/motif_databases/EUKARYOTE/jolma2013.meme	DLX3_DBD	 	NYAATTAN	8	6026	2.3e-010	CENTRIMO	 	 	http://floresta.eead.csic.es/footprintdb/index.php?db=HumanTF:1.0&motif=DLX3_DBD
92	db/motif_databases/JASPAR/JASPAR2022_CORE_vertebrates_non-redundant_v2.meme	MA0880.1	Dlx3	NYAATTAN	8	5993	3.0e-010	CENTRIMO	 	 	http://jaspar2022.genereg.net/matrix/MA0880.1
93	db/motif_databases/JASPAR/JASPAR2022_CORE_vertebrates_non-redundant_v2.meme	MA0143.4	SOX2	DNACAATGGNN	11	6444	3.0e-010	CENTRIMO	 	 	http://jaspar2022.genereg.net/matrix/MA0143.4
94	db/motif_databases/EUKARYOTE/jolma2013.meme	EN1_full_2	 	TAATTRSNYAATTA	14	4590	4.3e-010	CENTRIMO	 	 	http://floresta.eead.csic.es/footprintdb/index.php?db=HumanTF:1.0&motif=EN1_full_2
95	db/motif_databases/JASPAR/JASPAR2022_CORE_vertebrates_non-redundant_v2.meme	MA0914.1	ISL2	GCAMTTAR	8	5991	4.5e-010	CENTRIMO	 	 	http://jaspar2022.genereg.net/matrix/MA0914.1
96	db/motif_databases/JASPAR/JASPAR2022_CORE_vertebrates_non-redundant_v2.meme	MA1563.2	SOX18	AACAATDV	8	5466	5.2e-010	CENTRIMO	 	 	http://jaspar2022.genereg.net/matrix/MA1563.2
97	db/motif_databases/EUKARYOTE/jolma2013.meme	DLX4_DBD	 	VYAATTAN	8	5886	5.8e-010	CENTRIMO	 	 	http://floresta.eead.csic.es/footprintdb/index.php?db=HumanTF:1.0&motif=DLX4_DBD
98	db/motif_databases/EUKARYOTE/jolma2013.meme	DLX6_DBD	 	VYAATTAN	8	5368	5.8e-010	CENTRIMO	 	 	http://floresta.eead.csic.es/footprintdb/index.php?db=HumanTF:1.0&motif=DLX6_DBD
99	db/motif_databases/JASPAR/JASPAR2022_CORE_vertebrates_non-redundant_v2.meme	MA0881.1	Dlx4	VYAATTAN	8	5884	6.8e-010	CENTRIMO	 	 	http://jaspar2022.genereg.net/matrix/MA0881.1
100	db/motif_databases/EUKARYOTE/jolma2013.meme	ISL2_DBD	 	GCAMTTAR	8	6024	7.5e-010	CENTRIMO	 	 	http://floresta.eead.csic.es/footprintdb/index.php?db=HumanTF:1.0&motif=ISL2_DBD
101	db/motif_databases/JASPAR/JASPAR2022_CORE_vertebrates_non-redundant_v2.meme	MA0882.1	DLX6	VYAATTAN	8	5343	9.2e-010	CENTRIMO	 	 	http://jaspar2022.genereg.net/matrix/MA0882.1
102	db/motif_databases/EUKARYOTE/jolma2013.meme	EVX1_DBD	 	VVTAATTABS	10	5327	1.1e-009	CENTRIMO	 	 	http://floresta.eead.csic.es/footprintdb/index.php?db=HumanTF:1.0&motif=EVX1_DBD
103	STREME	43-TAGCAATGATCARGC	STREME-43	43-TAGCAATGATCARGC	15	49	1.1e-009	STREME	 	 	 
104	db/motif_databases/JASPAR/JASPAR2022_CORE_vertebrates_non-redundant_v2.meme	MA0887.1	EVX1	VVTAATTABS	10	5348	1.2e-009	CENTRIMO	 	 	http://jaspar2022.genereg.net/matrix/MA0887.1
105	db/motif_databases/MOUSE/uniprobe_mouse.meme	UP00044_1	Mafk_primary	NWAAAWTGCTGACTY	15	3199	1.6e-009	CENTRIMO	 	 	http://thebrain.bwh.harvard.edu/uniprobe/details2.php?id=00044
106	db/motif_databases/MOUSE/uniprobe_mouse.meme	UP00067_2	Lef1_secondary	VDRSATCAATCANYWD	16	3014	1.7e-009	CENTRIMO	 	 	http://thebrain.bwh.harvard.edu/uniprobe/details2.php?id=00067
107	db/motif_databases/JASPAR/JASPAR2022_CORE_vertebrates_non-redundant_v2.meme	MA0888.1	EVX2	VVTAATTAVB	10	5285	1.8e-009	CENTRIMO	 	 	http://jaspar2022.genereg.net/matrix/MA0888.1
108	db/motif_databases/EUKARYOTE/jolma2013.meme	HMX1_DBD	 	ANCAATTAAHN	11	4927	2.3e-009	CENTRIMO	 	 	http://floresta.eead.csic.es/footprintdb/index.php?db=HumanTF:1.0&motif=HMX1_DBD
109	db/motif_databases/EUKARYOTE/jolma2013.meme	MSX2_DBD_2	 	CCAATTAV	8	4478	2.6e-009	CENTRIMO	 	 	http://floresta.eead.csic.es/footprintdb/index.php?db=HumanTF:1.0&motif=MSX2_DBD_2
110	db/motif_databases/EUKARYOTE/jolma2013.meme	EVX2_DBD	 	VVTAATTAVB	10	5273	2.9e-009	CENTRIMO	 	 	http://floresta.eead.csic.es/footprintdb/index.php?db=HumanTF:1.0&motif=EVX2_DBD
111	db/motif_databases/JASPAR/JASPAR2022_CORE_vertebrates_non-redundant_v2.meme	MA0515.1	Sox6	CCWTTGTYYY	10	3794	3.4e-009	CENTRIMO	 	 	http://jaspar2022.genereg.net/matrix/MA0515.1
112	db/motif_databases/EUKARYOTE/jolma2013.meme	Gbx1_DBD	 	NYYAATTAVN	10	4966	3.9e-009	CENTRIMO	 	 	http://floresta.eead.csic.es/footprintdb/index.php?db=HumanTF:1.0&motif=Gbx1_DBD
113	db/motif_databases/JASPAR/JASPAR2022_CORE_vertebrates_non-redundant_v2.meme	MA0063.2	NKX2-5	NNCACTCAANN	11	4190	4.7e-009	CENTRIMO	 	 	http://jaspar2022.genereg.net/matrix/MA0063.2
114	STREME	5-GCAGTGTCTTGGAGA	STREME-5	GCAGTGTCTTGGAGA	15	293	4.7e-009	STREME	 	 	 
115	db/motif_databases/MOUSE/uniprobe_mouse.meme	UP00064_1	Sox18_primary	YWBHATTGTTNTMWHH	16	5821	5.1e-009	CENTRIMO	 	 	http://thebrain.bwh.harvard.edu/uniprobe/details2.php?id=00064
116	db/motif_databases/EUKARYOTE/jolma2013.meme	En2_DBD	 	VSTAATTARB	10	3765	7.0e-009	CENTRIMO	 	 	http://floresta.eead.csic.es/footprintdb/index.php?db=HumanTF:1.0&motif=En2_DBD
117	db/motif_databases/MOUSE/uniprobe_mouse.meme	UP00091_1	Sox5_primary	WWDRGAACAATWRDHD	16	4483	7.4e-009	CENTRIMO	 	 	http://thebrain.bwh.harvard.edu/uniprobe/details2.php?id=00091
118	db/motif_databases/JASPAR/JASPAR2022_CORE_vertebrates_non-redundant_v2.meme	MA0709.1	Msx3	SCAATTAN	8	3897	1.2e-008	CENTRIMO	 	 	http://jaspar2022.genereg.net/matrix/MA0709.1
119	db/motif_databases/EUKARYOTE/jolma2013.meme	Hoxd3_DBD	 	NNYAATTAVN	10	5914	1.3e-008	CENTRIMO	 	 	http://floresta.eead.csic.es/footprintdb/index.php?db=HumanTF:1.0&motif=Hoxd3_DBD
120	db/motif_databases/MOUSE/uniprobe_mouse.meme	UP00051_1	Sox8_primary	NDATBWATTGTTHWDWW	17	5376	1.3e-008	CENTRIMO	 	 	http://thebrain.bwh.harvard.edu/uniprobe/details2.php?id=00051
121	db/motif_databases/JASPAR/JASPAR2022_CORE_vertebrates_non-redundant_v2.meme	MA0644.2	ESX1	YYAATTAN	8	3600	1.5e-008	CENTRIMO	 	 	http://jaspar2022.genereg.net/matrix/MA0644.2
122	db/motif_databases/EUKARYOTE/jolma2013.meme	Prrx2_DBD	 	YYAATTAR	8	4576	2.0e-008	CENTRIMO	 	 	http://floresta.eead.csic.es/footprintdb/index.php?db=HumanTF:1.0&motif=Prrx2_DBD
123	db/motif_databases/MOUSE/uniprobe_mouse.meme	UP00083_2	Tcf7l2_secondary	VDRVATCAATCRBKHN	16	3323	2.1e-008	CENTRIMO	 	 	http://thebrain.bwh.harvard.edu/uniprobe/details2.php?id=00083
124	db/motif_databases/EUKARYOTE/jolma2013.meme	LMX1B_full	 	BYAATTAM	8	5752	2.6e-008	CENTRIMO	 	 	http://floresta.eead.csic.es/footprintdb/index.php?db=HumanTF:1.0&motif=LMX1B_full
125	db/motif_databases/EUKARYOTE/jolma2013.meme	Msx3_DBD_2	 	SCAATTAN	8	4030	2.9e-008	CENTRIMO	 	 	http://floresta.eead.csic.es/footprintdb/index.php?db=HumanTF:1.0&motif=Msx3_DBD_2
126	db/motif_databases/MOUSE/uniprobe_mouse.meme	UP00101_1	Sox12_primary	THATTGTTMTNAWN	14	5496	3.8e-008	CENTRIMO	 	 	http://thebrain.bwh.harvard.edu/uniprobe/details2.php?id=00101
127	db/motif_databases/EUKARYOTE/jolma2013.meme	HMX2_DBD	 	AMCAMTTAAHN	11	5845	4.6e-008	CENTRIMO	 	 	http://floresta.eead.csic.es/footprintdb/index.php?db=HumanTF:1.0&motif=HMX2_DBD
128	STREME	17-AGCACTTRG	STREME-17	17-AGCACTTRG	9	363	4.9e-008	STREME	db/motif_databases/JASPAR/JASPAR2022_CORE_vertebrates_non-redundant_v2.meme	MA0914.1 (ISL2)	http://jaspar2022.genereg.net/matrix/MA0914.1
129	db/motif_databases/EUKARYOTE/jolma2013.meme	Hoxd9_DBD_1	 	SCCATWAAA	9	6082	5.1e-008	CENTRIMO	 	 	http://floresta.eead.csic.es/footprintdb/index.php?db=HumanTF:1.0&motif=Hoxd9_DBD_1
130	db/motif_databases/JASPAR/JASPAR2022_CORE_vertebrates_non-redundant_v2.meme	MA0867.2	SOX4	RAACAAAGRV	10	5826	6.5e-008	CENTRIMO	 	 	http://jaspar2022.genereg.net/matrix/MA0867.2
131	db/motif_databases/JASPAR/JASPAR2022_CORE_vertebrates_non-redundant_v2.meme	MA1523.1	MSANTD3	STVCACTCAC	10	5031	8.3e-008	CENTRIMO	 	 	http://jaspar2022.genereg.net/matrix/MA1523.1
132	db/motif_databases/MOUSE/uniprobe_mouse.meme	UP00227_1	Duxl_1286.2	YRACCCAATCAACNVHN	17	1483	9.5e-008	CENTRIMO	 	 	http://thebrain.bwh.harvard.edu/uniprobe/details2.php?id=00227
133	db/motif_databases/JASPAR/JASPAR2022_CORE_vertebrates_non-redundant_v2.meme	MA0087.2	Sox5	VRVAACAATGGNN	13	5395	1.1e-007	CENTRIMO	 	 	http://jaspar2022.genereg.net/matrix/MA0087.2
134	db/motif_databases/JASPAR/JASPAR2022_CORE_vertebrates_non-redundant_v2.meme	MA0630.1	SHOX	HTAATTRR	8	5316	2.0e-007	CENTRIMO	 	 	http://jaspar2022.genereg.net/matrix/MA0630.1
135	db/motif_databases/JASPAR/JASPAR2022_CORE_vertebrates_non-redundant_v2.meme	MA0658.1	LHX6	RCTAATTARY	10	2746	2.0e-007	CENTRIMO	 	 	http://jaspar2022.genereg.net/matrix/MA0658.1
136	db/motif_databases/EUKARYOTE/jolma2013.meme	GSX1_DBD	 	NCYMATTAVN	10	5801	2.3e-007	CENTRIMO	 	 	http://floresta.eead.csic.es/footprintdb/index.php?db=HumanTF:1.0&motif=GSX1_DBD
137	db/motif_databases/JASPAR/JASPAR2022_CORE_vertebrates_non-redundant_v2.meme	MA0889.1	GBX1	VCYAATTASY	10	3068	2.5e-007	CENTRIMO	 	 	http://jaspar2022.genereg.net/matrix/MA0889.1
138	db/motif_databases/JASPAR/JASPAR2022_CORE_vertebrates_non-redundant_v2.meme	MA0892.1	GSX1	NCYMATTAVN	10	5818	2.6e-007	CENTRIMO	 	 	http://jaspar2022.genereg.net/matrix/MA0892.1
139	db/motif_databases/EUKARYOTE/jolma2013.meme	LMX1B_DBD	 	NYAATTAA	8	5161	2.8e-007	CENTRIMO	 	 	http://floresta.eead.csic.es/footprintdb/index.php?db=HumanTF:1.0&motif=LMX1B_DBD
140	db/motif_databases/EUKARYOTE/jolma2013.meme	SHOX_DBD	 	YYAATTAR	8	4780	3.7e-007	CENTRIMO	 	 	http://floresta.eead.csic.es/footprintdb/index.php?db=HumanTF:1.0&motif=SHOX_DBD
141	db/motif_databases/MOUSE/uniprobe_mouse.meme	UP00063_2	Hoxa3_secondary	AAAANCBATTARSR	14	4090	5.2e-007	CENTRIMO	 	 	http://thebrain.bwh.harvard.edu/uniprobe/details2.php?id=00063
142	STREME	6-GAGCCTTCCKACCT	STREME-6	GAGCCTTCCKACCT	14	390	7.5e-007	STREME	 	 	 
143	db/motif_databases/MOUSE/uniprobe_mouse.meme	UP00069_2	Sox1_secondary	NYRTAATTGTTAKYV	15	5278	1.0e-006	CENTRIMO	 	 	http://thebrain.bwh.harvard.edu/uniprobe/details2.php?id=00069
144	db/motif_databases/MOUSE/uniprobe_mouse.meme	UP00219_1	Cutl1_3494.1	ACCGRTTGATYAHSWBR	17	3538	1.3e-006	CENTRIMO	 	 	http://thebrain.bwh.harvard.edu/uniprobe/details2.php?id=00219
145	db/motif_databases/EUKARYOTE/jolma2013.meme	VSX1_full	 	DGCYAATTRDY	11	5655	1.9e-006	CENTRIMO	 	 	http://floresta.eead.csic.es/footprintdb/index.php?db=HumanTF:1.0&motif=VSX1_full
146	db/motif_databases/JASPAR/JASPAR2022_CORE_vertebrates_non-redundant_v2.meme	MA0896.1	Hmx1	VSVAGCAATTAAWGVDB	17	2095	2.3e-006	CENTRIMO	 	 	http://jaspar2022.genereg.net/matrix/MA0896.1
147	db/motif_databases/JASPAR/JASPAR2022_CORE_vertebrates_non-redundant_v2.meme	MA0885.2	Dlx2	NDGCAATTAGNN	12	4079	2.4e-006	CENTRIMO	 	 	http://jaspar2022.genereg.net/matrix/MA0885.2
148	db/motif_databases/EUKARYOTE/jolma2013.meme	GBX1_DBD	 	VCYAATTASY	10	3163	2.5e-006	CENTRIMO	 	 	http://floresta.eead.csic.es/footprintdb/index.php?db=HumanTF:1.0&motif=GBX1_DBD
149	db/motif_databases/EUKARYOTE/jolma2013.meme	GSX2_DBD	 	NSYMATTARH	10	5858	2.6e-006	CENTRIMO	 	 	http://floresta.eead.csic.es/footprintdb/index.php?db=HumanTF:1.0&motif=GSX2_DBD
150	db/motif_databases/MOUSE/uniprobe_mouse.meme	UP00030_1	Sox11_primary	HNDARAACAAAGRANNH	17	5595	2.8e-006	CENTRIMO	 	 	http://thebrain.bwh.harvard.edu/uniprobe/details2.php?id=00030
151	db/motif_databases/MOUSE/uniprobe_mouse.meme	UP00004_2	Sox14_secondary	NKBASACAATRGNBN	15	5914	3.1e-006	CENTRIMO	 	 	http://thebrain.bwh.harvard.edu/uniprobe/details2.php?id=00004
152	STREME	7-CATTYRAATG	STREME-7	CATTYRAATG	10	652	3.4e-006	STREME	 	 	 
153	STREME	8-KCAAGGTCA	STREME-8	KCAAGGTCA	9	510	4.0e-006	STREME	db/motif_databases/JASPAR/JASPAR2022_CORE_vertebrates_non-redundant_v2.meme	MA0141.3 (ESRRB)	http://jaspar2022.genereg.net/matrix/MA0141.3
154	db/motif_databases/JASPAR/JASPAR2022_CORE_vertebrates_non-redundant_v2.meme	MA0158.2	HOXA5	GYMATTAS	8	3453	4.3e-006	CENTRIMO	 	 	http://jaspar2022.genereg.net/matrix/MA0158.2
155	db/motif_databases/EUKARYOTE/jolma2013.meme	VAX2_DBD	 	YTAATTAB	8	5398	4.9e-006	CENTRIMO	 	 	http://floresta.eead.csic.es/footprintdb/index.php?db=HumanTF:1.0&motif=VAX2_DBD
156	db/motif_databases/EUKARYOTE/jolma2013.meme	LHX2_DBD_1	 	VCTAATTARB	10	3463	5.7e-006	CENTRIMO	 	 	http://floresta.eead.csic.es/footprintdb/index.php?db=HumanTF:1.0&motif=LHX2_DBD_1
157	db/motif_databases/MOUSE/uniprobe_mouse.meme	UP00062_1	Sox4_primary	HNNWRAACAAAGRRNHW	17	5464	6.3e-006	CENTRIMO	 	 	http://thebrain.bwh.harvard.edu/uniprobe/details2.php?id=00062
158	db/motif_databases/EUKARYOTE/jolma2013.meme	Shox2_DBD	 	YYAATTAR	8	4506	6.7e-006	CENTRIMO	 	 	http://floresta.eead.csic.es/footprintdb/index.php?db=HumanTF:1.0&motif=Shox2_DBD
159	db/motif_databases/MOUSE/uniprobe_mouse.meme	UP00219_2	Cutl1_3494.2	TARTGATRATCAMTA	15	2822	7.6e-006	CENTRIMO	 	 	http://thebrain.bwh.harvard.edu/uniprobe/details2.php?id=00219
160	db/motif_databases/JASPAR/JASPAR2022_CORE_vertebrates_non-redundant_v2.meme	MA0720.1	Shox2	YYAATTAR	8	4470	8.9e-006	CENTRIMO	 	 	http://jaspar2022.genereg.net/matrix/MA0720.1
161	STREME	9-GCAGACTAGCCCTGA	STREME-9	GCAGACTAGCCCTGA	15	330	1.0e-005	STREME	db/motif_databases/JASPAR/JASPAR2022_CORE_vertebrates_non-redundant_v2.meme	MA1973.1 (ZKSCAN3)	http://jaspar2022.genereg.net/matrix/MA1973.1
162	db/motif_databases/JASPAR/JASPAR2022_CORE_vertebrates_non-redundant_v2.meme	MA0132.2	PDX1	VYAATTAR	8	3703	1.1e-005	CENTRIMO	 	 	http://jaspar2022.genereg.net/matrix/MA0132.2
163	db/motif_databases/JASPAR/JASPAR2022_CORE_vertebrates_non-redundant_v2.meme	MA1502.1	HOXB8	GYMATTAM	8	3995	1.2e-005	CENTRIMO	 	 	http://jaspar2022.genereg.net/matrix/MA1502.1
164	db/motif_databases/EUKARYOTE/jolma2013.meme	PDX1_DBD_2	 	VYAATTAR	8	3703	1.3e-005	CENTRIMO	 	 	http://floresta.eead.csic.es/footprintdb/index.php?db=HumanTF:1.0&motif=PDX1_DBD_2
165	db/motif_databases/EUKARYOTE/jolma2013.meme	LHX6_full_2	 	TAATTAGYGYTRATTA	16	329	1.4e-005	CENTRIMO	 	 	http://floresta.eead.csic.es/footprintdb/index.php?db=HumanTF:1.0&motif=LHX6_full_2
166	db/motif_databases/MOUSE/uniprobe_mouse.meme	UP00104_1	Hmx1_3423.1	VSVAGCAATTAAWGVDB	17	2337	1.5e-005	CENTRIMO	 	 	http://thebrain.bwh.harvard.edu/uniprobe/details2.php?id=00104
167	db/motif_databases/MOUSE/uniprobe_mouse.meme	UP00014_1	Sox17_primary	MDAAACAATTRAWHW	15	4864	1.5e-005	CENTRIMO	 	 	http://thebrain.bwh.harvard.edu/uniprobe/details2.php?id=00014
168	db/motif_databases/MOUSE/uniprobe_mouse.meme	UP00148_1	Hdx_3845.3	NNKDNGAAATCATNBHM	17	4042	1.7e-005	CENTRIMO	 	 	http://thebrain.bwh.harvard.edu/uniprobe/details2.php?id=00148
169	db/motif_databases/JASPAR/JASPAR2022_CORE_vertebrates_non-redundant_v2.meme	MA0875.1	BARX1	VCMATTAV	8	5076	2.1e-005	CENTRIMO	 	 	http://jaspar2022.genereg.net/matrix/MA0875.1
170	db/motif_databases/JASPAR/JASPAR2022_CORE_vertebrates_non-redundant_v2.meme	MA1561.1	SOX12	ACCGAACAATV	11	2892	2.3e-005	CENTRIMO	 	 	http://jaspar2022.genereg.net/matrix/MA1561.1
171	db/motif_databases/EUKARYOTE/jolma2013.meme	BARX1_DBD_2	 	VCMATTAV	8	5115	2.5e-005	CENTRIMO	 	 	http://floresta.eead.csic.es/footprintdb/index.php?db=HumanTF:1.0&motif=BARX1_DBD_2
172	db/motif_databases/MOUSE/uniprobe_mouse.meme	UP00096_1	Sox13_primary	WYWRGAACAATWWWTW	16	4209	3.3e-005	CENTRIMO	 	 	http://thebrain.bwh.harvard.edu/uniprobe/details2.php?id=00096
173	STREME	10-AGCAGYRGCAGKTG	STREME-10	10-AGCAGYRGCAGKTG	14	293	3.6e-005	STREME	db/motif_databases/JASPAR/JASPAR2022_CORE_vertebrates_non-redundant_v2.meme	MA1721.1 (ZNF93)	http://jaspar2022.genereg.net/matrix/MA1721.1
174	db/motif_databases/EUKARYOTE/jolma2013.meme	EMX1_DBD_1	 	NBTAATTAVS	10	5093	4.2e-005	CENTRIMO	 	 	http://floresta.eead.csic.es/footprintdb/index.php?db=HumanTF:1.0&motif=EMX1_DBD_1
175	db/motif_databases/JASPAR/JASPAR2022_CORE_vertebrates_non-redundant_v2.meme	MA1476.2	Dlx5	NDGCAATTAGNN	12	3721	4.2e-005	CENTRIMO	 	 	http://jaspar2022.genereg.net/matrix/MA1476.2
176	db/motif_databases/MOUSE/uniprobe_mouse.meme	UP00198_1	Cphx_3484.1	NTGATBVMATCAAH	14	1075	5.0e-005	CENTRIMO	 	 	http://thebrain.bwh.harvard.edu/uniprobe/details2.php?id=00198
177	STREME	29-AGATGG	STREME-29	29-AGATGG	6	670	5.0e-005	STREME	db/motif_databases/JASPAR/JASPAR2022_CORE_vertebrates_non-redundant_v2.meme	MA1467.2 (Atoh1)	http://jaspar2022.genereg.net/matrix/MA1467.2
178	db/motif_databases/JASPAR/JASPAR2022_CORE_vertebrates_non-redundant_v2.meme	MA1651.1	ZFP42	NNNHCAARATGGCTGCCNBNN	21	1392	6.3e-005	CENTRIMO	 	 	http://jaspar2022.genereg.net/matrix/MA1651.1
179	db/motif_databases/JASPAR/JASPAR2022_CORE_vertebrates_non-redundant_v2.meme	MA0722.1	VAX1	YTAATTAH	8	5419	6.8e-005	CENTRIMO	 	 	http://jaspar2022.genereg.net/matrix/MA0722.1
180	db/motif_databases/JASPAR/JASPAR2022_CORE_vertebrates_non-redundant_v2.meme	MA0465.2	CDX2	NDGCAATAAAWN	12	3302	7.0e-005	CENTRIMO	 	 	http://jaspar2022.genereg.net/matrix/MA0465.2
181	db/motif_databases/JASPAR/JASPAR2022_CORE_vertebrates_non-redundant_v2.meme	MA1505.1	HOXC8	KTAATTAM	8	4700	9.4e-005	CENTRIMO	 	 	http://jaspar2022.genereg.net/matrix/MA1505.1
182	db/motif_databases/EUKARYOTE/jolma2013.meme	LMX1A_DBD	 	YTAATTAA	8	4089	9.6e-005	CENTRIMO	 	 	http://floresta.eead.csic.es/footprintdb/index.php?db=HumanTF:1.0&motif=LMX1A_DBD
183	db/motif_databases/EUKARYOTE/jolma2013.meme	VAX1_DBD	 	YTAATTAH	8	5419	9.7e-005	CENTRIMO	 	 	http://floresta.eead.csic.es/footprintdb/index.php?db=HumanTF:1.0&motif=VAX1_DBD
184	db/motif_databases/JASPAR/JASPAR2022_CORE_vertebrates_non-redundant_v2.meme	MA0902.2	HOXB2	SYAATTAS	8	3991	1.0e-004	CENTRIMO	 	 	http://jaspar2022.genereg.net/matrix/MA0902.2
185	db/motif_databases/JASPAR/JASPAR2022_CORE_vertebrates_non-redundant_v2.meme	MA0910.2	HOXD8	GYMATTAM	8	3943	1.2e-004	CENTRIMO	 	 	http://jaspar2022.genereg.net/matrix/MA0910.2
186	STREME	11-CCMCACCC	STREME-11	11-CCMCACCC	8	636	1.5e-004	STREME	db/motif_databases/JASPAR/JASPAR2022_CORE_vertebrates_non-redundant_v2.meme	MA0039.4 (KLF4)	http://jaspar2022.genereg.net/matrix/MA0039.4
187	db/motif_databases/EUKARYOTE/jolma2013.meme	Nkx3-1_DBD	 	RCCACTTAA	9	3063	1.6e-004	CENTRIMO	 	 	http://floresta.eead.csic.es/footprintdb/index.php?db=HumanTF:1.0&motif=Nkx3-1_DBD
188	STREME	12-ACTAATTARGC	STREME-12	12-ACTAATTARGC	11	173	1.9e-004	STREME	db/motif_databases/JASPAR/JASPAR2022_CORE_vertebrates_non-redundant_v2.meme	MA0726.1 (VSX2)	http://jaspar2022.genereg.net/matrix/MA0726.1
189	db/motif_databases/JASPAR/JASPAR2022_CORE_vertebrates_non-redundant_v2.meme	MA0124.2	Nkx3-1	RCCACTTAA	9	2990	2.0e-004	CENTRIMO	 	 	http://jaspar2022.genereg.net/matrix/MA0124.2
190	db/motif_databases/JASPAR/JASPAR2022_CORE_vertebrates_non-redundant_v2.meme	MA1497.1	HOXA6	BGYMATTANN	10	5655	2.1e-004	CENTRIMO	 	 	http://jaspar2022.genereg.net/matrix/MA1497.1
191	db/motif_databases/MOUSE/uniprobe_mouse.meme	UP00095_1	Zfp691_primary	YDNACAGTGCTCMYWDW	17	1377	2.3e-004	CENTRIMO	 	 	http://thebrain.bwh.harvard.edu/uniprobe/details2.php?id=00095
192	db/motif_databases/JASPAR/JASPAR2022_CORE_vertebrates_non-redundant_v2.meme	MA1504.1	HOXC4	VTMATTAN	8	4431	2.6e-004	CENTRIMO	 	 	http://jaspar2022.genereg.net/matrix/MA1504.1
193	db/motif_databases/MOUSE/uniprobe_mouse.meme	UP00071_2	Sox21_secondary	NVYSWATTGTTCNNNNV	17	5818	3.1e-004	CENTRIMO	 	 	http://thebrain.bwh.harvard.edu/uniprobe/details2.php?id=00071
194	db/motif_databases/EUKARYOTE/jolma2013.meme	ALX3_DBD	 	RCYAATTAVV	10	4656	3.2e-004	CENTRIMO	 	 	http://floresta.eead.csic.es/footprintdb/index.php?db=HumanTF:1.0&motif=ALX3_DBD
195	db/motif_databases/MOUSE/uniprobe_mouse.meme	UP00034_1	Sox7_primary	HNKDWWDAACAATARWNNTHNW	22	4993	3.6e-004	CENTRIMO	 	 	http://thebrain.bwh.harvard.edu/uniprobe/details2.php?id=00034
196	db/motif_databases/EUKARYOTE/jolma2013.meme	LBX2_DBD_1	 	CTBRANSTRATTA	13	4791	4.2e-004	CENTRIMO	 	 	http://floresta.eead.csic.es/footprintdb/index.php?db=HumanTF:1.0&motif=LBX2_DBD_1
197	db/motif_databases/JASPAR/JASPAR2022_CORE_vertebrates_non-redundant_v2.meme	MA1608.1	Isl1	NNCCATTAGNN	11	4001	4.5e-004	CENTRIMO	 	 	http://jaspar2022.genereg.net/matrix/MA1608.1
198	db/motif_databases/EUKARYOTE/jolma2013.meme	BSX_DBD	 	SYVATTAV	8	4801	4.8e-004	CENTRIMO	 	 	http://floresta.eead.csic.es/footprintdb/index.php?db=HumanTF:1.0&motif=BSX_DBD
199	db/motif_databases/JASPAR/JASPAR2022_CORE_vertebrates_non-redundant_v2.meme	MA1500.1	HOXB6	BTAATKRC	8	5528	5.1e-004	CENTRIMO	 	 	http://jaspar2022.genereg.net/matrix/MA1500.1
200	db/motif_databases/JASPAR/JASPAR2022_CORE_vertebrates_non-redundant_v2.meme	MA1507.1	HOXD4	VTMATTAD	8	3768	6.2e-004	CENTRIMO	 	 	http://jaspar2022.genereg.net/matrix/MA1507.1
201	db/motif_databases/EUKARYOTE/jolma2013.meme	ISX_DBD_2	 	CYAATTAV	8	3970	6.3e-004	CENTRIMO	 	 	http://floresta.eead.csic.es/footprintdb/index.php?db=HumanTF:1.0&motif=ISX_DBD_2
202	db/motif_databases/JASPAR/JASPAR2022_CORE_vertebrates_non-redundant_v2.meme	MA0876.1	BSX	SYVATTAV	8	4780	7.0e-004	CENTRIMO	 	 	http://jaspar2022.genereg.net/matrix/MA0876.1
203	STREME	13-ACCTATTCASTA	STREME-13	13-ACCTATTCASTA	12	186	7.6e-004	STREME	 	 	 
204	STREME	14-CAGGTACTCYATTC	STREME-14	14-CAGGTACTCYATTC	14	165	7.6e-004	STREME	 	 	 
205	db/motif_databases/EUKARYOTE/jolma2013.meme	HOXD11_DBD_2	 	RRYMATAAAA	10	5612	8.3e-004	CENTRIMO	 	 	http://floresta.eead.csic.es/footprintdb/index.php?db=HumanTF:1.0&motif=HOXD11_DBD_2
206	db/motif_databases/EUKARYOTE/jolma2013.meme	HOXC11_full_2	 	RGYMATAAAAH	11	4327	1.1e-003	CENTRIMO	 	 	http://floresta.eead.csic.es/footprintdb/index.php?db=HumanTF:1.0&motif=HOXC11_full_2
207	STREME	15-AGAGCTAGAAWAGC	STREME-15	15-AGAGCTAGAAWAGC	14	195	1.5e-003	STREME	 	 	 
208	db/motif_databases/MOUSE/uniprobe_mouse.meme	UP00175_1	Lhx9_3492.1	CBYATTAATTAATHMCY	17	2012	1.8e-003	CENTRIMO	 	 	http://thebrain.bwh.harvard.edu/uniprobe/details2.php?id=00175
209	db/motif_databases/EUKARYOTE/jolma2013.meme	Msx3_DBD_1	 	SCAATTAAAWWSCAATTA	18	1186	1.9e-003	CENTRIMO	 	 	http://floresta.eead.csic.es/footprintdb/index.php?db=HumanTF:1.0&motif=Msx3_DBD_1
210	db/motif_databases/EUKARYOTE/jolma2013.meme	CDX1_DBD	 	GYMATAAAA	9	3745	2.0e-003	CENTRIMO	 	 	http://floresta.eead.csic.es/footprintdb/index.php?db=HumanTF:1.0&motif=CDX1_DBD
211	STREME	48-ACAATGG	STREME-48	48-ACAATGG	7	139	2.3e-003	STREME	db/motif_databases/JASPAR/JASPAR2022_CORE_vertebrates_non-redundant_v2.meme	MA1120.1 (SOX13)	http://jaspar2022.genereg.net/matrix/MA1120.1
212	db/motif_databases/MOUSE/uniprobe_mouse.meme	UP00138_1	Bsx_3483.2	VVRGYAATTRNYTVAD	16	3251	2.3e-003	CENTRIMO	 	 	http://thebrain.bwh.harvard.edu/uniprobe/details2.php?id=00138
213	db/motif_databases/JASPAR/JASPAR2022_CORE_vertebrates_non-redundant_v2.meme	MA0679.2	ONECUT1	WAAAAATCAATAAWWN	16	1422	2.3e-003	CENTRIMO	 	 	http://jaspar2022.genereg.net/matrix/MA0679.2
214	db/motif_databases/JASPAR/JASPAR2022_CORE_vertebrates_non-redundant_v2.meme	MA0634.1	ALX3	YYYAATTANV	10	4960	2.4e-003	CENTRIMO	 	 	http://jaspar2022.genereg.net/matrix/MA0634.1
215	db/motif_databases/MOUSE/uniprobe_mouse.meme	UP00389_1	Nkx3-1_2923.2	DWHDAAGTACTTAAAWN	17	2390	2.4e-003	CENTRIMO	 	 	http://thebrain.bwh.harvard.edu/uniprobe/details2.php?id=00389
216	db/motif_databases/JASPAR/JASPAR2022_CORE_vertebrates_non-redundant_v2.meme	MA0893.2	GSX2	SYMATTAR	8	5119	2.9e-003	CENTRIMO	 	 	http://jaspar2022.genereg.net/matrix/MA0893.2
217	STREME	16-ATCTCCTTAGTGGC	STREME-16	16-ATCTCCTTAGTGGC	14	101	3.1e-003	STREME	 	 	 
218	STREME	18-GTTTGGGTRAGACT	STREME-18	18-GTTTGGGTRAGACT	14	270	3.6e-003	STREME	 	 	 
219	db/motif_databases/JASPAR/JASPAR2022_CORE_vertebrates_non-redundant_v2.meme	MA0723.2	VAX2	BYAATTAV	8	5991	3.6e-003	CENTRIMO	 	 	http://jaspar2022.genereg.net/matrix/MA0723.2
220	db/motif_databases/JASPAR/JASPAR2022_CORE_vertebrates_non-redundant_v2.meme	MA0755.1	CUX2	TRATCGATAW	10	1014	3.9e-003	CENTRIMO	 	 	http://jaspar2022.genereg.net/matrix/MA0755.1
221	db/motif_databases/EUKARYOTE/jolma2013.meme	Alx1_DBD_1	 	YYTAATTAVV	10	3594	4.3e-003	CENTRIMO	 	 	http://floresta.eead.csic.es/footprintdb/index.php?db=HumanTF:1.0&motif=Alx1_DBD_1
222	db/motif_databases/EUKARYOTE/jolma2013.meme	CUX1_DBD_3	 	TRATCRATAH	10	1097	5.2e-003	CENTRIMO	 	 	http://floresta.eead.csic.es/footprintdb/index.php?db=HumanTF:1.0&motif=CUX1_DBD_3
223	db/motif_databases/EUKARYOTE/jolma2013.meme	CUX2_DBD_2	 	TRATCGATAW	10	1104	5.5e-003	CENTRIMO	 	 	http://floresta.eead.csic.es/footprintdb/index.php?db=HumanTF:1.0&motif=CUX2_DBD_2
224	db/motif_databases/MOUSE/uniprobe_mouse.meme	UP00190_1	Nkx2-3_3435.1	YYTTAAGTACTTAAHR	16	2141	5.5e-003	CENTRIMO	 	 	http://thebrain.bwh.harvard.edu/uniprobe/details2.php?id=00190
225	db/motif_databases/JASPAR/JASPAR2022_CORE_vertebrates_non-redundant_v2.meme	MA0701.2	LHX9	CYAATTAR	8	2661	8.5e-003	CENTRIMO	 	 	http://jaspar2022.genereg.net/matrix/MA0701.2
226	db/motif_databases/MOUSE/uniprobe_mouse.meme	UP00178_1	Og2x_3719.1	CGNVYYAATTRRKHWNS	17	2605	8.9e-003	CENTRIMO	 	 	http://thebrain.bwh.harvard.edu/uniprobe/details2.php?id=00178
227	db/motif_databases/MOUSE/uniprobe_mouse.meme	UP00181_1	Barx1_2877.1	MARSYAATTRSYNHAW	16	3137	9.4e-003	CENTRIMO	 	 	http://thebrain.bwh.harvard.edu/uniprobe/details2.php?id=00181
228	db/motif_databases/MOUSE/uniprobe_mouse.meme	UP00055_2	Hbp1_secondary	DDKYCCCATTGTVNABN	17	5391	1.1e-002	CENTRIMO	 	 	http://thebrain.bwh.harvard.edu/uniprobe/details2.php?id=00055
229	STREME	19-GTAWTTA	STREME-19	19-GTAWTTA	7	270	1.1e-002	STREME	db/motif_databases/JASPAR/JASPAR2022_CORE_vertebrates_non-redundant_v2.meme	MA0912.2 (HOXD3)	http://jaspar2022.genereg.net/matrix/MA0912.2
230	db/motif_databases/EUKARYOTE/jolma2013.meme	ALX3_full_1	 	YYYAATTANV	10	4970	1.1e-002	CENTRIMO	 	 	http://floresta.eead.csic.es/footprintdb/index.php?db=HumanTF:1.0&motif=ALX3_full_1
231	db/motif_databases/EUKARYOTE/jolma2013.meme	HOXA13_full_1	 	CYAATAAAAM	10	3033	1.2e-002	CENTRIMO	 	 	http://floresta.eead.csic.es/footprintdb/index.php?db=HumanTF:1.0&motif=HOXA13_full_1
232	db/motif_databases/EUKARYOTE/jolma2013.meme	YY2_full_1	 	NCCGCCATNTY	11	4456	1.3e-002	CENTRIMO	 	 	http://floresta.eead.csic.es/footprintdb/index.php?db=HumanTF:1.0&motif=YY2_full_1
233	db/motif_databases/JASPAR/JASPAR2022_CORE_vertebrates_non-redundant_v2.meme	MA0886.1	EMX2	VBTAATTARB	10	3631	1.3e-002	CENTRIMO	 	 	http://jaspar2022.genereg.net/matrix/MA0886.1
234	db/motif_databases/EUKARYOTE/jolma2013.meme	EMX2_DBD_1	 	VBTAATTARB	10	3638	1.4e-002	CENTRIMO	 	 	http://floresta.eead.csic.es/footprintdb/index.php?db=HumanTF:1.0&motif=EMX2_DBD_1
235	db/motif_databases/JASPAR/JASPAR2022_CORE_vertebrates_non-redundant_v2.meme	MA0642.2	EN2	VSYAATTA	8	4765	1.4e-002	CENTRIMO	 	 	http://jaspar2022.genereg.net/matrix/MA0642.2
236	db/motif_databases/MOUSE/uniprobe_mouse.meme	UP00200_2	Nkx6-1_2825.2	VVTWATTAATTABBYC	16	2021	2.1e-002	CENTRIMO	 	 	http://thebrain.bwh.harvard.edu/uniprobe/details2.php?id=00200
237	db/motif_databases/EUKARYOTE/jolma2013.meme	HOXA13_DBD_1	 	CCMATAAAAH	10	3774	2.5e-002	CENTRIMO	 	 	http://floresta.eead.csic.es/footprintdb/index.php?db=HumanTF:1.0&motif=HOXA13_DBD_1
238	db/motif_databases/JASPAR/JASPAR2022_CORE_vertebrates_non-redundant_v2.meme	MA0725.1	VSX1	YTAATTAN	8	4446	2.6e-002	CENTRIMO	 	 	http://jaspar2022.genereg.net/matrix/MA0725.1
239	db/motif_databases/EUKARYOTE/jolma2013.meme	VSX1_DBD	 	YTAATTAN	8	4477	3.1e-002	CENTRIMO	 	 	http://floresta.eead.csic.es/footprintdb/index.php?db=HumanTF:1.0&motif=VSX1_DBD
240	db/motif_databases/EUKARYOTE/jolma2013.meme	Uncx_DBD_2	 	YTAATTAN	8	4511	3.5e-002	CENTRIMO	 	 	http://floresta.eead.csic.es/footprintdb/index.php?db=HumanTF:1.0&motif=Uncx_DBD_2
241	db/motif_databases/JASPAR/JASPAR2022_CORE_vertebrates_non-redundant_v2.meme	MA1645.1	NKX2-2	NNNCCACTCAANNN	14	4829	3.7e-002	CENTRIMO	 	 	http://jaspar2022.genereg.net/matrix/MA1645.1
242	db/motif_databases/JASPAR/JASPAR2022_CORE_vertebrates_non-redundant_v2.meme	MA0710.1	NOTO	NYTAATTAVN	10	4009	3.9e-002	CENTRIMO	 	 	http://jaspar2022.genereg.net/matrix/MA0710.1
243	STREME	20-CCACTGAGWAKGAGA	STREME-20	20-CCACTGAGWAKGAGA	15	174	4.7e-002	STREME	db/motif_databases/MOUSE/uniprobe_mouse.meme	UP00102_2 (Zic1_secondary)	http://thebrain.bwh.harvard.edu/uniprobe/details2.php?id=00102
244	STREME	21-AGAGTGTTTACT	STREME-21	21-AGAGTGTTTACT	12	113	4.7e-002	STREME	db/motif_databases/JASPAR/JASPAR2022_CORE_vertebrates_non-redundant_v2.meme	MA0849.1 (FOXO6)	http://jaspar2022.genereg.net/matrix/MA0849.1
245	db/motif_databases/EUKARYOTE/jolma2013.meme	GATA4_DBD	 	WGATAASV	8	4678	4.7e-002	CENTRIMO	 	 	http://floresta.eead.csic.es/footprintdb/index.php?db=HumanTF:1.0&motif=GATA4_DBD

# MEME-ChIP (Motif Analysis of Large Nucleotide Datasets): Version 5.5.5 released on Thu Sep 14 08:48:04 2023 +1000
# The format of this file is described at https://meme-suite.org/meme//doc/meme-chip-output-format.html
# meme-chip -oc . -time 240 -ccut 100 -fdesc description -dna -order 2 -minw 6 -maxw 15 -db db/motif_databases/MOUSE/uniprobe_mouse.meme -db db/motif_databases/JASPAR/JASPAR2022_CORE_vertebrates_non-redundant_v2.meme -db db/motif_databases/EUKARYOTE/jolma2013.meme -meme-mod zoops -meme-nmotifs 3 -meme-searchsize 100000 -streme-pvt 0.05 -streme-align center -streme-totallength 4000000 -centrimo-score 5.0 -centrimo-ethresh 10.0 Nanog_peaks.fa
